Watching for file changes with StatReloader
Executing function: create with arguments: (<transaction.views.TransactionViewSet object at 0x751e2f1344a0>, <rest_framework.request.Request: POST '/api/transaction/'>), {}
Function create executed successfully
"POST /api/transaction/ HTTP/1.1" 201 196
Executing function: create with arguments: (<transaction.views.TransactionViewSet object at 0x751e2e704860>, <rest_framework.request.Request: POST '/api/transaction/'>), {}
Function create executed successfully
"POST /api/transaction/ HTTP/1.1" 201 193
Watching for file changes with StatReloader
Bad Request: /api/login/
"POST /api/login/ HTTP/1.1" 400 80
code 400, message Bad request syntax ('25')
"25" 400 -
Bad Request: /api/login/
"POST /api/login/ HTTP/1.1" 400 80
code 400, message Bad request syntax ('26')
"26" 400 -
"POST /api/login/ HTTP/1.1" 200 594
Watching for file changes with StatReloader
"POST /api/login/ HTTP/1.1" 200 594
Watching for file changes with StatReloader
"POST /api/login/ HTTP/1.1" 200 594
Bad Request: /api/login/
"POST /api/login/ HTTP/1.1" 400 80
code 400, message Bad request syntax ('26')
"26" 400 -
Watching for file changes with StatReloader
Bad Request: /api/login/
"POST /api/login/ HTTP/1.1" 400 80
code 400, message Bad request syntax ('26')
"26" 400 -
Bad Request: /api/login/
"POST /api/login/ HTTP/1.1" 400 80
code 400, message Bad request syntax ('26')
"26" 400 -
Watching for file changes with StatReloader
Bad Request: /api/login/
code 400, message Bad request syntax ('26')
"26" 400 -
- Broken pipe from ('127.0.0.1', 54588)
Bad Request: /api/login/
"POST /api/login/ HTTP/1.1" 400 80
code 400, message Bad request syntax ('26')
"26" 400 -
Watching for file changes with StatReloader
Bad Request: /api/login/
"POST /api/login/ HTTP/1.1" 400 80
code 400, message Bad request syntax ('26')
"26" 400 -
Watching for file changes with StatReloader
Watching for file changes with StatReloader
Not Found: /
"GET / HTTP/1.1" 404 3036
Not Found: /favicon.ico
"GET /favicon.ico HTTP/1.1" 404 3087
Bad Request: /api/login/
code 400, message Bad request syntax ('26')
"26" 400 -
- Broken pipe from ('127.0.0.1', 55184)
Bad Request: /api/login/
code 400, message Bad request syntax ('26')
"26" 400 -
- Broken pipe from ('127.0.0.1', 43042)
Bad Request: /api/login/
code 400, message Bad request syntax ('26')
"26" 400 -
- Broken pipe from ('127.0.0.1', 37448)
Bad Request: /api/login/
code 400, message Bad request syntax ('26')
"26" 400 -
- Broken pipe from ('127.0.0.1', 54198)
Bad Request: /api/login/
code 400, message Bad request syntax ('26')
"26" 400 -
- Broken pipe from ('127.0.0.1', 38330)
/home/prajjwal/Projects/PythonDjango/Lms_Api/lms/lms/settings.py changed, reloading.
Watching for file changes with StatReloader
Bad Request: /api/login/
code 400, message Bad request syntax ('25')
"25" 400 -
- Broken pipe from ('127.0.0.1', 39240)
Bad Request: /api/login/
"POST /api/login/ HTTP/1.1" 400 80
code 400, message Bad request syntax ('26')
"26" 400 -
"POST /api/login/ HTTP/1.1" 200 594
Watching for file changes with StatReloader
"POST /api/login/ HTTP/1.1" 200 594
"POST /api/login/ HTTP/1.1" 200 594
/home/prajjwal/Projects/PythonDjango/Lms_Api/lms/user/views.py changed, reloading.
Watching for file changes with StatReloader
/home/prajjwal/Projects/PythonDjango/Lms_Api/lms/user/views.py changed, reloading.
Watching for file changes with StatReloader
/home/prajjwal/Projects/PythonDjango/Lms_Api/lms/user/views.py changed, reloading.
Watching for file changes with StatReloader
Watching for file changes with StatReloader
"POST /api/login/ HTTP/1.1" 200 594
"POST /api/login/ HTTP/1.1" 200 594
"POST /api/login/ HTTP/1.1" 200 594
"POST /api/login/ HTTP/1.1" 200 594
/home/prajjwal/Projects/PythonDjango/Lms_Api/lms/user/views.py changed, reloading.
Watching for file changes with StatReloader
Watching for file changes with StatReloader
"POST /api/login/ HTTP/1.1" 200 594
"POST /api/login/ HTTP/1.1" 200 594
/home/prajjwal/Projects/PythonDjango/Lms_Api/lms/user/views.py changed, reloading.
Watching for file changes with StatReloader
Watching for file changes with StatReloader
"POST /api/login/ HTTP/1.1" 200 594
"POST /api/login/ HTTP/1.1" 200 594
Watching for file changes with StatReloader
Not Found: /
"GET / HTTP/1.1" 404 3036
Not Found: /favicon.ico
"GET /favicon.ico HTTP/1.1" 404 3087
"POST /api/login/ HTTP/1.1" 200 594
"POST /api/login/ HTTP/1.1" 200 594
"POST /api/login/ HTTP/1.1" 200 594
Watching for file changes with StatReloader
Not Found: /api/dashboard/test/
"GET /api/dashboard/test/ HTTP/1.1" 404 18024
/home/prajjwal/Projects/PythonDjango/Lms_Api/lms/lms/urls.py changed, reloading.
Watching for file changes with StatReloader
Watching for file changes with StatReloader
Watching for file changes with StatReloader
Internal Server Error: /api/dashboard/test/
Traceback (most recent call last):
  File "/home/prajjwal/Projects/PythonDjango/Lms_Api/venv/lib/python3.12/site-packages/django/core/handlers/exception.py", line 55, in inner
    response = get_response(request)
               ^^^^^^^^^^^^^^^^^^^^^
  File "/home/prajjwal/Projects/PythonDjango/Lms_Api/venv/lib/python3.12/site-packages/django/core/handlers/base.py", line 197, in _get_response
    response = wrapped_callback(request, *callback_args, **callback_kwargs)
               ^^^^^^^^^^^^^^^^^^^^^^^^^^^^^^^^^^^^^^^^^^^^^^^^^^^^^^^^^^^^
  File "/home/prajjwal/Projects/PythonDjango/Lms_Api/venv/lib/python3.12/site-packages/django/views/decorators/csrf.py", line 65, in _view_wrapper
    return view_func(request, *args, **kwargs)
           ^^^^^^^^^^^^^^^^^^^^^^^^^^^^^^^^^^^
  File "/home/prajjwal/Projects/PythonDjango/Lms_Api/venv/lib/python3.12/site-packages/rest_framework/viewsets.py", line 124, in view
    return self.dispatch(request, *args, **kwargs)
           ^^^^^^^^^^^^^^^^^^^^^^^^^^^^^^^^^^^^^^^
  File "/home/prajjwal/Projects/PythonDjango/Lms_Api/venv/lib/python3.12/site-packages/rest_framework/views.py", line 509, in dispatch
    response = self.handle_exception(exc)
               ^^^^^^^^^^^^^^^^^^^^^^^^^^
  File "/home/prajjwal/Projects/PythonDjango/Lms_Api/venv/lib/python3.12/site-packages/rest_framework/views.py", line 469, in handle_exception
    self.raise_uncaught_exception(exc)
  File "/home/prajjwal/Projects/PythonDjango/Lms_Api/venv/lib/python3.12/site-packages/rest_framework/views.py", line 480, in raise_uncaught_exception
    raise exc
  File "/home/prajjwal/Projects/PythonDjango/Lms_Api/venv/lib/python3.12/site-packages/rest_framework/views.py", line 506, in dispatch
    response = handler(request, *args, **kwargs)
               ^^^^^^^^^^^^^^^^^^^^^^^^^^^^^^^^^
TypeError: DashboardViewSet.retrieve() got an unexpected keyword argument 'pk'
"GET /api/dashboard/test/ HTTP/1.1" 500 94539
Not Found: /api/dashboard/
"GET /api/dashboard/ HTTP/1.1" 404 20071
"GET /api/dashboard/username=test HTTP/1.1" 301 0
Internal Server Error: /api/dashboard/username=test/
Traceback (most recent call last):
  File "/home/prajjwal/Projects/PythonDjango/Lms_Api/venv/lib/python3.12/site-packages/django/core/handlers/exception.py", line 55, in inner
    response = get_response(request)
               ^^^^^^^^^^^^^^^^^^^^^
  File "/home/prajjwal/Projects/PythonDjango/Lms_Api/venv/lib/python3.12/site-packages/django/core/handlers/base.py", line 197, in _get_response
    response = wrapped_callback(request, *callback_args, **callback_kwargs)
               ^^^^^^^^^^^^^^^^^^^^^^^^^^^^^^^^^^^^^^^^^^^^^^^^^^^^^^^^^^^^
  File "/home/prajjwal/Projects/PythonDjango/Lms_Api/venv/lib/python3.12/site-packages/django/views/decorators/csrf.py", line 65, in _view_wrapper
    return view_func(request, *args, **kwargs)
           ^^^^^^^^^^^^^^^^^^^^^^^^^^^^^^^^^^^
  File "/home/prajjwal/Projects/PythonDjango/Lms_Api/venv/lib/python3.12/site-packages/rest_framework/viewsets.py", line 124, in view
    return self.dispatch(request, *args, **kwargs)
           ^^^^^^^^^^^^^^^^^^^^^^^^^^^^^^^^^^^^^^^
  File "/home/prajjwal/Projects/PythonDjango/Lms_Api/venv/lib/python3.12/site-packages/rest_framework/views.py", line 509, in dispatch
    response = self.handle_exception(exc)
               ^^^^^^^^^^^^^^^^^^^^^^^^^^
  File "/home/prajjwal/Projects/PythonDjango/Lms_Api/venv/lib/python3.12/site-packages/rest_framework/views.py", line 469, in handle_exception
    self.raise_uncaught_exception(exc)
  File "/home/prajjwal/Projects/PythonDjango/Lms_Api/venv/lib/python3.12/site-packages/rest_framework/views.py", line 480, in raise_uncaught_exception
    raise exc
  File "/home/prajjwal/Projects/PythonDjango/Lms_Api/venv/lib/python3.12/site-packages/rest_framework/views.py", line 506, in dispatch
    response = handler(request, *args, **kwargs)
               ^^^^^^^^^^^^^^^^^^^^^^^^^^^^^^^^^
TypeError: DashboardViewSet.retrieve() got an unexpected keyword argument 'pk'
"GET /api/dashboard/username%3Dtest/ HTTP/1.1" 500 94919
Not Found: /api/dashboard/
"GET /api/dashboard/ HTTP/1.1" 404 20071
Watching for file changes with StatReloader
Internal Server Error: /api/dashboard/test/
Traceback (most recent call last):
  File "/home/prajjwal/Projects/PythonDjango/Lms_Api/venv/lib/python3.12/site-packages/django/core/handlers/exception.py", line 55, in inner
    response = get_response(request)
               ^^^^^^^^^^^^^^^^^^^^^
  File "/home/prajjwal/Projects/PythonDjango/Lms_Api/venv/lib/python3.12/site-packages/django/core/handlers/base.py", line 197, in _get_response
    response = wrapped_callback(request, *callback_args, **callback_kwargs)
               ^^^^^^^^^^^^^^^^^^^^^^^^^^^^^^^^^^^^^^^^^^^^^^^^^^^^^^^^^^^^
  File "/home/prajjwal/Projects/PythonDjango/Lms_Api/venv/lib/python3.12/site-packages/django/views/decorators/csrf.py", line 65, in _view_wrapper
    return view_func(request, *args, **kwargs)
           ^^^^^^^^^^^^^^^^^^^^^^^^^^^^^^^^^^^
  File "/home/prajjwal/Projects/PythonDjango/Lms_Api/venv/lib/python3.12/site-packages/rest_framework/viewsets.py", line 124, in view
    return self.dispatch(request, *args, **kwargs)
           ^^^^^^^^^^^^^^^^^^^^^^^^^^^^^^^^^^^^^^^
  File "/home/prajjwal/Projects/PythonDjango/Lms_Api/venv/lib/python3.12/site-packages/rest_framework/views.py", line 509, in dispatch
    response = self.handle_exception(exc)
               ^^^^^^^^^^^^^^^^^^^^^^^^^^
  File "/home/prajjwal/Projects/PythonDjango/Lms_Api/venv/lib/python3.12/site-packages/rest_framework/views.py", line 469, in handle_exception
    self.raise_uncaught_exception(exc)
  File "/home/prajjwal/Projects/PythonDjango/Lms_Api/venv/lib/python3.12/site-packages/rest_framework/views.py", line 480, in raise_uncaught_exception
    raise exc
  File "/home/prajjwal/Projects/PythonDjango/Lms_Api/venv/lib/python3.12/site-packages/rest_framework/views.py", line 506, in dispatch
    response = handler(request, *args, **kwargs)
               ^^^^^^^^^^^^^^^^^^^^^^^^^^^^^^^^^
  File "/home/prajjwal/Projects/PythonDjango/Lms_Api/lms/dashboard/views.py", line 15, in retrieve
    dashboard_data = DashboardService.get_dashboard_data(username)
                     ^^^^^^^^^^^^^^^^^^^^^^^^^^^^^^^^^^^^^^^^^^^^^
TypeError: DashboardService.get_dashboard_data() missing 1 required positional argument: 'username'
"GET /api/dashboard/test/ HTTP/1.1" 500 98761
Internal Server Error: /api/dashboard/test/
Traceback (most recent call last):
  File "/home/prajjwal/Projects/PythonDjango/Lms_Api/venv/lib/python3.12/site-packages/django/core/handlers/exception.py", line 55, in inner
    response = get_response(request)
               ^^^^^^^^^^^^^^^^^^^^^
  File "/home/prajjwal/Projects/PythonDjango/Lms_Api/venv/lib/python3.12/site-packages/django/core/handlers/base.py", line 197, in _get_response
    response = wrapped_callback(request, *callback_args, **callback_kwargs)
               ^^^^^^^^^^^^^^^^^^^^^^^^^^^^^^^^^^^^^^^^^^^^^^^^^^^^^^^^^^^^
  File "/home/prajjwal/Projects/PythonDjango/Lms_Api/venv/lib/python3.12/site-packages/django/views/decorators/csrf.py", line 65, in _view_wrapper
    return view_func(request, *args, **kwargs)
           ^^^^^^^^^^^^^^^^^^^^^^^^^^^^^^^^^^^
  File "/home/prajjwal/Projects/PythonDjango/Lms_Api/venv/lib/python3.12/site-packages/rest_framework/viewsets.py", line 124, in view
    return self.dispatch(request, *args, **kwargs)
           ^^^^^^^^^^^^^^^^^^^^^^^^^^^^^^^^^^^^^^^
  File "/home/prajjwal/Projects/PythonDjango/Lms_Api/venv/lib/python3.12/site-packages/rest_framework/views.py", line 509, in dispatch
    response = self.handle_exception(exc)
               ^^^^^^^^^^^^^^^^^^^^^^^^^^
  File "/home/prajjwal/Projects/PythonDjango/Lms_Api/venv/lib/python3.12/site-packages/rest_framework/views.py", line 469, in handle_exception
    self.raise_uncaught_exception(exc)
  File "/home/prajjwal/Projects/PythonDjango/Lms_Api/venv/lib/python3.12/site-packages/rest_framework/views.py", line 480, in raise_uncaught_exception
    raise exc
  File "/home/prajjwal/Projects/PythonDjango/Lms_Api/venv/lib/python3.12/site-packages/rest_framework/views.py", line 506, in dispatch
    response = handler(request, *args, **kwargs)
               ^^^^^^^^^^^^^^^^^^^^^^^^^^^^^^^^^
  File "/home/prajjwal/Projects/PythonDjango/Lms_Api/lms/dashboard/views.py", line 15, in retrieve
    dashboard_data = DashboardService.get_dashboard_data(username)
                     ^^^^^^^^^^^^^^^^^^^^^^^^^^^^^^^^^^^^^^^^^^^^^
TypeError: DashboardService.get_dashboard_data() missing 1 required positional argument: 'username'
"GET /api/dashboard/test/ HTTP/1.1" 500 98761
/home/prajjwal/Projects/PythonDjango/Lms_Api/lms/dashboard/services.py changed, reloading.
Watching for file changes with StatReloader
Internal Server Error: /api/dashboard/test/
Traceback (most recent call last):
  File "/home/prajjwal/Projects/PythonDjango/Lms_Api/venv/lib/python3.12/site-packages/django/core/handlers/exception.py", line 55, in inner
    response = get_response(request)
               ^^^^^^^^^^^^^^^^^^^^^
  File "/home/prajjwal/Projects/PythonDjango/Lms_Api/venv/lib/python3.12/site-packages/django/core/handlers/base.py", line 197, in _get_response
    response = wrapped_callback(request, *callback_args, **callback_kwargs)
               ^^^^^^^^^^^^^^^^^^^^^^^^^^^^^^^^^^^^^^^^^^^^^^^^^^^^^^^^^^^^
  File "/home/prajjwal/Projects/PythonDjango/Lms_Api/venv/lib/python3.12/site-packages/django/views/decorators/csrf.py", line 65, in _view_wrapper
    return view_func(request, *args, **kwargs)
           ^^^^^^^^^^^^^^^^^^^^^^^^^^^^^^^^^^^
  File "/home/prajjwal/Projects/PythonDjango/Lms_Api/venv/lib/python3.12/site-packages/rest_framework/viewsets.py", line 124, in view
    return self.dispatch(request, *args, **kwargs)
           ^^^^^^^^^^^^^^^^^^^^^^^^^^^^^^^^^^^^^^^
  File "/home/prajjwal/Projects/PythonDjango/Lms_Api/venv/lib/python3.12/site-packages/rest_framework/views.py", line 509, in dispatch
    response = self.handle_exception(exc)
               ^^^^^^^^^^^^^^^^^^^^^^^^^^
  File "/home/prajjwal/Projects/PythonDjango/Lms_Api/venv/lib/python3.12/site-packages/rest_framework/views.py", line 469, in handle_exception
    self.raise_uncaught_exception(exc)
  File "/home/prajjwal/Projects/PythonDjango/Lms_Api/venv/lib/python3.12/site-packages/rest_framework/views.py", line 480, in raise_uncaught_exception
    raise exc
  File "/home/prajjwal/Projects/PythonDjango/Lms_Api/venv/lib/python3.12/site-packages/rest_framework/views.py", line 506, in dispatch
    response = handler(request, *args, **kwargs)
               ^^^^^^^^^^^^^^^^^^^^^^^^^^^^^^^^^
  File "/home/prajjwal/Projects/PythonDjango/Lms_Api/lms/dashboard/views.py", line 15, in retrieve
    dashboard_data = DashboardService.get_dashboard_data(username)
                     ^^^^^^^^^^^^^^^^^^^^^^^^^^^^^^^^^^^^^^^^^^^^^
TypeError: DashboardService.get_dashboard_data() missing 1 required positional argument: 'username'
"GET /api/dashboard/test/ HTTP/1.1" 500 98761
/home/prajjwal/Projects/PythonDjango/Lms_Api/lms/dashboard/views.py changed, reloading.
Watching for file changes with StatReloader
Internal Server Error: /api/dashboard/test/
Traceback (most recent call last):
  File "/home/prajjwal/Projects/PythonDjango/Lms_Api/venv/lib/python3.12/site-packages/django/core/handlers/exception.py", line 55, in inner
    response = get_response(request)
               ^^^^^^^^^^^^^^^^^^^^^
  File "/home/prajjwal/Projects/PythonDjango/Lms_Api/venv/lib/python3.12/site-packages/django/core/handlers/base.py", line 197, in _get_response
    response = wrapped_callback(request, *callback_args, **callback_kwargs)
               ^^^^^^^^^^^^^^^^^^^^^^^^^^^^^^^^^^^^^^^^^^^^^^^^^^^^^^^^^^^^
  File "/home/prajjwal/Projects/PythonDjango/Lms_Api/venv/lib/python3.12/site-packages/django/views/decorators/csrf.py", line 65, in _view_wrapper
    return view_func(request, *args, **kwargs)
           ^^^^^^^^^^^^^^^^^^^^^^^^^^^^^^^^^^^
  File "/home/prajjwal/Projects/PythonDjango/Lms_Api/venv/lib/python3.12/site-packages/rest_framework/viewsets.py", line 124, in view
    return self.dispatch(request, *args, **kwargs)
           ^^^^^^^^^^^^^^^^^^^^^^^^^^^^^^^^^^^^^^^
  File "/home/prajjwal/Projects/PythonDjango/Lms_Api/venv/lib/python3.12/site-packages/rest_framework/views.py", line 509, in dispatch
    response = self.handle_exception(exc)
               ^^^^^^^^^^^^^^^^^^^^^^^^^^
  File "/home/prajjwal/Projects/PythonDjango/Lms_Api/venv/lib/python3.12/site-packages/rest_framework/views.py", line 469, in handle_exception
    self.raise_uncaught_exception(exc)
  File "/home/prajjwal/Projects/PythonDjango/Lms_Api/venv/lib/python3.12/site-packages/rest_framework/views.py", line 480, in raise_uncaught_exception
    raise exc
  File "/home/prajjwal/Projects/PythonDjango/Lms_Api/venv/lib/python3.12/site-packages/rest_framework/views.py", line 506, in dispatch
    response = handler(request, *args, **kwargs)
               ^^^^^^^^^^^^^^^^^^^^^^^^^^^^^^^^^
  File "/home/prajjwal/Projects/PythonDjango/Lms_Api/lms/dashboard/views.py", line 16, in retrieve
    dashboard_data = service.get_dashboard_data(username)
                     ^^^^^^^^^^^^^^^^^^^^^^^^^^^^^^^^^^^^
TypeError: DashboardService.get_dashboard_data() missing 1 required positional argument: 'username'
"GET /api/dashboard/test/ HTTP/1.1" 500 98949
/home/prajjwal/Projects/PythonDjango/Lms_Api/lms/dashboard/services.py changed, reloading.
Watching for file changes with StatReloader
/home/prajjwal/Projects/PythonDjango/Lms_Api/lms/dashboard/views.py changed, reloading.
Watching for file changes with StatReloader
/home/prajjwal/Projects/PythonDjango/Lms_Api/lms/dashboard/views.py changed, reloading.
Watching for file changes with StatReloader
Watching for file changes with StatReloader
Internal Server Error: /api/dashboard/test/
Traceback (most recent call last):
  File "/home/prajjwal/Projects/PythonDjango/Lms_Api/venv/lib/python3.12/site-packages/django/core/handlers/exception.py", line 55, in inner
    response = get_response(request)
               ^^^^^^^^^^^^^^^^^^^^^
  File "/home/prajjwal/Projects/PythonDjango/Lms_Api/venv/lib/python3.12/site-packages/django/core/handlers/base.py", line 197, in _get_response
    response = wrapped_callback(request, *callback_args, **callback_kwargs)
               ^^^^^^^^^^^^^^^^^^^^^^^^^^^^^^^^^^^^^^^^^^^^^^^^^^^^^^^^^^^^
  File "/home/prajjwal/Projects/PythonDjango/Lms_Api/venv/lib/python3.12/site-packages/django/views/decorators/csrf.py", line 65, in _view_wrapper
    return view_func(request, *args, **kwargs)
           ^^^^^^^^^^^^^^^^^^^^^^^^^^^^^^^^^^^
  File "/home/prajjwal/Projects/PythonDjango/Lms_Api/venv/lib/python3.12/site-packages/rest_framework/viewsets.py", line 124, in view
    return self.dispatch(request, *args, **kwargs)
           ^^^^^^^^^^^^^^^^^^^^^^^^^^^^^^^^^^^^^^^
  File "/home/prajjwal/Projects/PythonDjango/Lms_Api/venv/lib/python3.12/site-packages/rest_framework/views.py", line 509, in dispatch
    response = self.handle_exception(exc)
               ^^^^^^^^^^^^^^^^^^^^^^^^^^
  File "/home/prajjwal/Projects/PythonDjango/Lms_Api/venv/lib/python3.12/site-packages/rest_framework/views.py", line 469, in handle_exception
    self.raise_uncaught_exception(exc)
  File "/home/prajjwal/Projects/PythonDjango/Lms_Api/venv/lib/python3.12/site-packages/rest_framework/views.py", line 480, in raise_uncaught_exception
    raise exc
  File "/home/prajjwal/Projects/PythonDjango/Lms_Api/venv/lib/python3.12/site-packages/rest_framework/views.py", line 506, in dispatch
    response = handler(request, *args, **kwargs)
               ^^^^^^^^^^^^^^^^^^^^^^^^^^^^^^^^^
  File "/home/prajjwal/Projects/PythonDjango/Lms_Api/lms/dashboard/views.py", line 16, in retrieve
    dashboard_data = DashboardService.get_dashboard_data(username)
                     ^^^^^^^^^^^^^^^^^^^^^^^^^^^^^^^^^^^^^^^^^^^^^
  File "/home/prajjwal/Projects/PythonDjango/Lms_Api/lms/dashboard/services.py", line 24, in get_dashboard_data
    'user': repo.get_user(username),
            ^^^^^^^^^^^^^^^^^^^^^^^
  File "/home/prajjwal/Projects/PythonDjango/Lms_Api/lms/dashboard/repositories.py", line 47, in get_user
    return User.objects.get(username=username)
           ^^^^^^^^^^^^^^^^^^^^^^^^^^^^^^^^^^^
  File "/home/prajjwal/Projects/PythonDjango/Lms_Api/venv/lib/python3.12/site-packages/django/db/models/manager.py", line 87, in manager_method
    return getattr(self.get_queryset(), name)(*args, **kwargs)
           ^^^^^^^^^^^^^^^^^^^^^^^^^^^^^^^^^^^^^^^^^^^^^^^^^^^
  File "/home/prajjwal/Projects/PythonDjango/Lms_Api/venv/lib/python3.12/site-packages/django/db/models/query.py", line 635, in get
    clone = self._chain() if self.query.combinator else self.filter(*args, **kwargs)
                                                        ^^^^^^^^^^^^^^^^^^^^^^^^^^^^
  File "/home/prajjwal/Projects/PythonDjango/Lms_Api/venv/lib/python3.12/site-packages/django/db/models/query.py", line 1476, in filter
    return self._filter_or_exclude(False, args, kwargs)
           ^^^^^^^^^^^^^^^^^^^^^^^^^^^^^^^^^^^^^^^^^^^^
  File "/home/prajjwal/Projects/PythonDjango/Lms_Api/venv/lib/python3.12/site-packages/django/db/models/query.py", line 1494, in _filter_or_exclude
    clone._filter_or_exclude_inplace(negate, args, kwargs)
  File "/home/prajjwal/Projects/PythonDjango/Lms_Api/venv/lib/python3.12/site-packages/django/db/models/query.py", line 1501, in _filter_or_exclude_inplace
    self._query.add_q(Q(*args, **kwargs))
  File "/home/prajjwal/Projects/PythonDjango/Lms_Api/venv/lib/python3.12/site-packages/django/db/models/sql/query.py", line 1609, in add_q
    clause, _ = self._add_q(q_object, self.used_aliases)
                ^^^^^^^^^^^^^^^^^^^^^^^^^^^^^^^^^^^^^^^^
  File "/home/prajjwal/Projects/PythonDjango/Lms_Api/venv/lib/python3.12/site-packages/django/db/models/sql/query.py", line 1641, in _add_q
    child_clause, needed_inner = self.build_filter(
                                 ^^^^^^^^^^^^^^^^^^
  File "/home/prajjwal/Projects/PythonDjango/Lms_Api/venv/lib/python3.12/site-packages/django/db/models/sql/query.py", line 1491, in build_filter
    lookups, parts, reffed_expression = self.solve_lookup_type(arg, summarize)
                                        ^^^^^^^^^^^^^^^^^^^^^^^^^^^^^^^^^^^^^^
  File "/home/prajjwal/Projects/PythonDjango/Lms_Api/venv/lib/python3.12/site-packages/django/db/models/sql/query.py", line 1303, in solve_lookup_type
    _, field, _, lookup_parts = self.names_to_path(lookup_splitted, self.get_meta())
                                ^^^^^^^^^^^^^^^^^^^^^^^^^^^^^^^^^^^^^^^^^^^^^^^^^^^^
  File "/home/prajjwal/Projects/PythonDjango/Lms_Api/venv/lib/python3.12/site-packages/django/db/models/sql/query.py", line 1768, in names_to_path
    raise FieldError(
django.core.exceptions.FieldError: Cannot resolve keyword 'username' into field. Choices are: created_date, dashboard, email, groups, is_active, is_deleted, is_staff, is_superuser, last_login, logentry, password, transaction, updated_date, userId, user_name, user_permissions
"GET /api/dashboard/test/ HTTP/1.1" 500 158549
/home/prajjwal/Projects/PythonDjango/Lms_Api/lms/dashboard/services.py changed, reloading.
Watching for file changes with StatReloader
Internal Server Error: /api/dashboard/test/
Traceback (most recent call last):
  File "/home/prajjwal/Projects/PythonDjango/Lms_Api/venv/lib/python3.12/site-packages/django/core/handlers/exception.py", line 55, in inner
    response = get_response(request)
               ^^^^^^^^^^^^^^^^^^^^^
  File "/home/prajjwal/Projects/PythonDjango/Lms_Api/venv/lib/python3.12/site-packages/django/core/handlers/base.py", line 197, in _get_response
    response = wrapped_callback(request, *callback_args, **callback_kwargs)
               ^^^^^^^^^^^^^^^^^^^^^^^^^^^^^^^^^^^^^^^^^^^^^^^^^^^^^^^^^^^^
  File "/home/prajjwal/Projects/PythonDjango/Lms_Api/venv/lib/python3.12/site-packages/django/views/decorators/csrf.py", line 65, in _view_wrapper
    return view_func(request, *args, **kwargs)
           ^^^^^^^^^^^^^^^^^^^^^^^^^^^^^^^^^^^
  File "/home/prajjwal/Projects/PythonDjango/Lms_Api/venv/lib/python3.12/site-packages/rest_framework/viewsets.py", line 124, in view
    return self.dispatch(request, *args, **kwargs)
           ^^^^^^^^^^^^^^^^^^^^^^^^^^^^^^^^^^^^^^^
  File "/home/prajjwal/Projects/PythonDjango/Lms_Api/venv/lib/python3.12/site-packages/rest_framework/views.py", line 509, in dispatch
    response = self.handle_exception(exc)
               ^^^^^^^^^^^^^^^^^^^^^^^^^^
  File "/home/prajjwal/Projects/PythonDjango/Lms_Api/venv/lib/python3.12/site-packages/rest_framework/views.py", line 469, in handle_exception
    self.raise_uncaught_exception(exc)
  File "/home/prajjwal/Projects/PythonDjango/Lms_Api/venv/lib/python3.12/site-packages/rest_framework/views.py", line 480, in raise_uncaught_exception
    raise exc
  File "/home/prajjwal/Projects/PythonDjango/Lms_Api/venv/lib/python3.12/site-packages/rest_framework/views.py", line 506, in dispatch
    response = handler(request, *args, **kwargs)
               ^^^^^^^^^^^^^^^^^^^^^^^^^^^^^^^^^
  File "/home/prajjwal/Projects/PythonDjango/Lms_Api/lms/dashboard/views.py", line 16, in retrieve
    dashboard_data = DashboardService.get_dashboard_data(username)
                     ^^^^^^^^^^^^^^^^^^^^^^^^^^^^^^^^^^^^^^^^^^^^^
  File "/home/prajjwal/Projects/PythonDjango/Lms_Api/lms/dashboard/services.py", line 19, in get_dashboard_data
    user = DashboardRepository.get_user(username)
           ^^^^^^^^^^^^^^^^^^^^^^^^^^^^^^^^^^^^^^
  File "/home/prajjwal/Projects/PythonDjango/Lms_Api/lms/dashboard/repositories.py", line 47, in get_user
    return User.objects.get(username=username)
           ^^^^^^^^^^^^^^^^^^^^^^^^^^^^^^^^^^^
  File "/home/prajjwal/Projects/PythonDjango/Lms_Api/venv/lib/python3.12/site-packages/django/db/models/manager.py", line 87, in manager_method
    return getattr(self.get_queryset(), name)(*args, **kwargs)
           ^^^^^^^^^^^^^^^^^^^^^^^^^^^^^^^^^^^^^^^^^^^^^^^^^^^
  File "/home/prajjwal/Projects/PythonDjango/Lms_Api/venv/lib/python3.12/site-packages/django/db/models/query.py", line 635, in get
    clone = self._chain() if self.query.combinator else self.filter(*args, **kwargs)
                                                        ^^^^^^^^^^^^^^^^^^^^^^^^^^^^
  File "/home/prajjwal/Projects/PythonDjango/Lms_Api/venv/lib/python3.12/site-packages/django/db/models/query.py", line 1476, in filter
    return self._filter_or_exclude(False, args, kwargs)
           ^^^^^^^^^^^^^^^^^^^^^^^^^^^^^^^^^^^^^^^^^^^^
  File "/home/prajjwal/Projects/PythonDjango/Lms_Api/venv/lib/python3.12/site-packages/django/db/models/query.py", line 1494, in _filter_or_exclude
    clone._filter_or_exclude_inplace(negate, args, kwargs)
  File "/home/prajjwal/Projects/PythonDjango/Lms_Api/venv/lib/python3.12/site-packages/django/db/models/query.py", line 1501, in _filter_or_exclude_inplace
    self._query.add_q(Q(*args, **kwargs))
  File "/home/prajjwal/Projects/PythonDjango/Lms_Api/venv/lib/python3.12/site-packages/django/db/models/sql/query.py", line 1609, in add_q
    clause, _ = self._add_q(q_object, self.used_aliases)
                ^^^^^^^^^^^^^^^^^^^^^^^^^^^^^^^^^^^^^^^^
  File "/home/prajjwal/Projects/PythonDjango/Lms_Api/venv/lib/python3.12/site-packages/django/db/models/sql/query.py", line 1641, in _add_q
    child_clause, needed_inner = self.build_filter(
                                 ^^^^^^^^^^^^^^^^^^
  File "/home/prajjwal/Projects/PythonDjango/Lms_Api/venv/lib/python3.12/site-packages/django/db/models/sql/query.py", line 1491, in build_filter
    lookups, parts, reffed_expression = self.solve_lookup_type(arg, summarize)
                                        ^^^^^^^^^^^^^^^^^^^^^^^^^^^^^^^^^^^^^^
  File "/home/prajjwal/Projects/PythonDjango/Lms_Api/venv/lib/python3.12/site-packages/django/db/models/sql/query.py", line 1303, in solve_lookup_type
    _, field, _, lookup_parts = self.names_to_path(lookup_splitted, self.get_meta())
                                ^^^^^^^^^^^^^^^^^^^^^^^^^^^^^^^^^^^^^^^^^^^^^^^^^^^^
  File "/home/prajjwal/Projects/PythonDjango/Lms_Api/venv/lib/python3.12/site-packages/django/db/models/sql/query.py", line 1768, in names_to_path
    raise FieldError(
django.core.exceptions.FieldError: Cannot resolve keyword 'username' into field. Choices are: created_date, dashboard, email, groups, is_active, is_deleted, is_staff, is_superuser, last_login, logentry, password, transaction, updated_date, userId, user_name, user_permissions
"GET /api/dashboard/test/ HTTP/1.1" 500 158821
/home/prajjwal/Projects/PythonDjango/Lms_Api/lms/dashboard/repositories.py changed, reloading.
Watching for file changes with StatReloader
Internal Server Error: /api/dashboard/test/
Traceback (most recent call last):
  File "/home/prajjwal/Projects/PythonDjango/Lms_Api/venv/lib/python3.12/site-packages/django/core/handlers/exception.py", line 55, in inner
    response = get_response(request)
               ^^^^^^^^^^^^^^^^^^^^^
  File "/home/prajjwal/Projects/PythonDjango/Lms_Api/venv/lib/python3.12/site-packages/django/core/handlers/base.py", line 197, in _get_response
    response = wrapped_callback(request, *callback_args, **callback_kwargs)
               ^^^^^^^^^^^^^^^^^^^^^^^^^^^^^^^^^^^^^^^^^^^^^^^^^^^^^^^^^^^^
  File "/home/prajjwal/Projects/PythonDjango/Lms_Api/venv/lib/python3.12/site-packages/django/views/decorators/csrf.py", line 65, in _view_wrapper
    return view_func(request, *args, **kwargs)
           ^^^^^^^^^^^^^^^^^^^^^^^^^^^^^^^^^^^
  File "/home/prajjwal/Projects/PythonDjango/Lms_Api/venv/lib/python3.12/site-packages/rest_framework/viewsets.py", line 124, in view
    return self.dispatch(request, *args, **kwargs)
           ^^^^^^^^^^^^^^^^^^^^^^^^^^^^^^^^^^^^^^^
  File "/home/prajjwal/Projects/PythonDjango/Lms_Api/venv/lib/python3.12/site-packages/rest_framework/views.py", line 509, in dispatch
    response = self.handle_exception(exc)
               ^^^^^^^^^^^^^^^^^^^^^^^^^^
  File "/home/prajjwal/Projects/PythonDjango/Lms_Api/venv/lib/python3.12/site-packages/rest_framework/views.py", line 469, in handle_exception
    self.raise_uncaught_exception(exc)
  File "/home/prajjwal/Projects/PythonDjango/Lms_Api/venv/lib/python3.12/site-packages/rest_framework/views.py", line 480, in raise_uncaught_exception
    raise exc
  File "/home/prajjwal/Projects/PythonDjango/Lms_Api/venv/lib/python3.12/site-packages/rest_framework/views.py", line 506, in dispatch
    response = handler(request, *args, **kwargs)
               ^^^^^^^^^^^^^^^^^^^^^^^^^^^^^^^^^
  File "/home/prajjwal/Projects/PythonDjango/Lms_Api/lms/dashboard/views.py", line 16, in retrieve
    dashboard_data = DashboardService.get_dashboard_data(username)
                     ^^^^^^^^^^^^^^^^^^^^^^^^^^^^^^^^^^^^^^^^^^^^^
  File "/home/prajjwal/Projects/PythonDjango/Lms_Api/lms/dashboard/services.py", line 20, in get_dashboard_data
    total_transaction_count = DashboardRepository.get_total_transactions()
                              ^^^^^^^^^^^^^^^^^^^^^^^^^^^^^^^^^^^^^^^^^^^^
  File "/home/prajjwal/Projects/PythonDjango/Lms_Api/lms/dashboard/repositories.py", line 21, in get_total_transactions
    return Transaction.all().count()
           ^^^^^^^^^^^^^^^
AttributeError: type object 'Transaction' has no attribute 'all'
"GET /api/dashboard/test/ HTTP/1.1" 500 107264
/home/prajjwal/Projects/PythonDjango/Lms_Api/lms/dashboard/repositories.py changed, reloading.
Watching for file changes with StatReloader
"GET /api/dashboard/test/ HTTP/1.1" 200 154
Watching for file changes with StatReloader
"POST /api/login/ HTTP/1.1" 200 594
"GET /api/dashboard/test/ HTTP/1.1" 200 154
"POST /api/login/ HTTP/1.1" 200 594
/home/prajjwal/Projects/PythonDjango/Lms_Api/lms/dashboard/serializers.py changed, reloading.
Watching for file changes with StatReloader
"GET /api/dashboard/test/ HTTP/1.1" 200 173
/home/prajjwal/Projects/PythonDjango/Lms_Api/lms/dashboard/serializers.py changed, reloading.
Watching for file changes with StatReloader
/home/prajjwal/Projects/PythonDjango/Lms_Api/lms/dashboard/serializers.py changed, reloading.
Watching for file changes with StatReloader
/home/prajjwal/Projects/PythonDjango/Lms_Api/lms/dashboard/serializers.py changed, reloading.
Watching for file changes with StatReloader
/home/prajjwal/Projects/PythonDjango/Lms_Api/lms/dashboard/serializers.py changed, reloading.
Watching for file changes with StatReloader
/home/prajjwal/Projects/PythonDjango/Lms_Api/lms/dashboard/serializers.py changed, reloading.
Watching for file changes with StatReloader
/home/prajjwal/Projects/PythonDjango/Lms_Api/lms/dashboard/serializers.py changed, reloading.
Watching for file changes with StatReloader
/home/prajjwal/Projects/PythonDjango/Lms_Api/lms/dashboard/serializers.py changed, reloading.
Watching for file changes with StatReloader
/home/prajjwal/Projects/PythonDjango/Lms_Api/lms/dashboard/serializers.py changed, reloading.
Watching for file changes with StatReloader
/home/prajjwal/Projects/PythonDjango/Lms_Api/lms/dashboard/serializers.py changed, reloading.
Watching for file changes with StatReloader
Internal Server Error: /api/dashboard/test/
Traceback (most recent call last):
  File "/home/prajjwal/Projects/PythonDjango/Lms_Api/venv/lib/python3.12/site-packages/django/core/handlers/exception.py", line 55, in inner
    response = get_response(request)
               ^^^^^^^^^^^^^^^^^^^^^
  File "/home/prajjwal/Projects/PythonDjango/Lms_Api/venv/lib/python3.12/site-packages/django/core/handlers/base.py", line 197, in _get_response
    response = wrapped_callback(request, *callback_args, **callback_kwargs)
               ^^^^^^^^^^^^^^^^^^^^^^^^^^^^^^^^^^^^^^^^^^^^^^^^^^^^^^^^^^^^
  File "/home/prajjwal/Projects/PythonDjango/Lms_Api/venv/lib/python3.12/site-packages/django/views/decorators/csrf.py", line 65, in _view_wrapper
    return view_func(request, *args, **kwargs)
           ^^^^^^^^^^^^^^^^^^^^^^^^^^^^^^^^^^^
  File "/home/prajjwal/Projects/PythonDjango/Lms_Api/venv/lib/python3.12/site-packages/rest_framework/viewsets.py", line 124, in view
    return self.dispatch(request, *args, **kwargs)
           ^^^^^^^^^^^^^^^^^^^^^^^^^^^^^^^^^^^^^^^
  File "/home/prajjwal/Projects/PythonDjango/Lms_Api/venv/lib/python3.12/site-packages/rest_framework/views.py", line 509, in dispatch
    response = self.handle_exception(exc)
               ^^^^^^^^^^^^^^^^^^^^^^^^^^
  File "/home/prajjwal/Projects/PythonDjango/Lms_Api/venv/lib/python3.12/site-packages/rest_framework/views.py", line 469, in handle_exception
    self.raise_uncaught_exception(exc)
  File "/home/prajjwal/Projects/PythonDjango/Lms_Api/venv/lib/python3.12/site-packages/rest_framework/views.py", line 480, in raise_uncaught_exception
    raise exc
  File "/home/prajjwal/Projects/PythonDjango/Lms_Api/venv/lib/python3.12/site-packages/rest_framework/views.py", line 506, in dispatch
    response = handler(request, *args, **kwargs)
               ^^^^^^^^^^^^^^^^^^^^^^^^^^^^^^^^^
  File "/home/prajjwal/Projects/PythonDjango/Lms_Api/lms/dashboard/views.py", line 18, in retrieve
    return Response(serializer.data)
                    ^^^^^^^^^^^^^^^
  File "/home/prajjwal/Projects/PythonDjango/Lms_Api/venv/lib/python3.12/site-packages/rest_framework/serializers.py", line 571, in data
    ret = super().data
          ^^^^^^^^^^^^
  File "/home/prajjwal/Projects/PythonDjango/Lms_Api/venv/lib/python3.12/site-packages/rest_framework/serializers.py", line 249, in data
    self._data = self.to_representation(self.instance)
                 ^^^^^^^^^^^^^^^^^^^^^^^^^^^^^^^^^^^^^
  File "/home/prajjwal/Projects/PythonDjango/Lms_Api/venv/lib/python3.12/site-packages/rest_framework/serializers.py", line 523, in to_representation
    for field in fields:
  File "/home/prajjwal/Projects/PythonDjango/Lms_Api/venv/lib/python3.12/site-packages/rest_framework/serializers.py", line 384, in _readable_fields
    for field in self.fields.values():
                 ^^^^^^^^^^^
  File "/home/prajjwal/Projects/PythonDjango/Lms_Api/venv/lib/python3.12/site-packages/django/utils/functional.py", line 47, in __get__
    res = instance.__dict__[self.name] = self.func(instance)
                                         ^^^^^^^^^^^^^^^^^^^
  File "/home/prajjwal/Projects/PythonDjango/Lms_Api/venv/lib/python3.12/site-packages/rest_framework/serializers.py", line 372, in fields
    for key, value in self.get_fields().items():
                      ^^^^^^^^^^^^^^^^^
  File "/home/prajjwal/Projects/PythonDjango/Lms_Api/venv/lib/python3.12/site-packages/rest_framework/serializers.py", line 1079, in get_fields
    field_names = self.get_field_names(declared_fields, info)
                  ^^^^^^^^^^^^^^^^^^^^^^^^^^^^^^^^^^^^^^^^^^^
  File "/home/prajjwal/Projects/PythonDjango/Lms_Api/venv/lib/python3.12/site-packages/rest_framework/serializers.py", line 1175, in get_field_names
    assert field_name in fields, (
           ^^^^^^^^^^^^^^^^^^^^
AssertionError: The field 'user_email' was declared on serializer DashboardSerializer, but has not been included in the 'fields' option.
"GET /api/dashboard/test/ HTTP/1.1" 500 140066
/home/prajjwal/Projects/PythonDjango/Lms_Api/lms/dashboard/serializers.py changed, reloading.
Watching for file changes with StatReloader
"GET /api/dashboard/test/ HTTP/1.1" 200 217
"POST /api/login/ HTTP/1.1" 200 594
"POST /api/login/ HTTP/1.1" 200 594
"GET /api/dashboard/test HTTP/1.1" 301 0
Unauthorized: /api/dashboard/test/
"GET /api/dashboard/test/ HTTP/1.1" 401 58
Not Found: /api/refresh/
"POST /api/refresh/ HTTP/1.1" 404 20361
Bad Request: /api/token/refresh/
"POST /api/token/refresh/ HTTP/1.1" 400 39
"POST /api/token/refresh/ HTTP/1.1" 200 290
"POST /api/login/ HTTP/1.1" 200 594
"POST /api/login/ HTTP/1.1" 200 594
"POST /api/login/ HTTP/1.1" 200 594
"POST /api/login/ HTTP/1.1" 200 594
"POST /api/login/ HTTP/1.1" 200 594
"GET /api/dashboard/test HTTP/1.1" 301 0
Unauthorized: /api/dashboard/test/
"GET /api/dashboard/test/ HTTP/1.1" 401 58
/home/prajjwal/Projects/PythonDjango/Lms_Api/lms/dashboard/views.py changed, reloading.
Watching for file changes with StatReloader
/home/prajjwal/Projects/PythonDjango/Lms_Api/lms/dashboard/views.py changed, reloading.
Watching for file changes with StatReloader
"GET /api/dashboard/test HTTP/1.1" 301 0
Unauthorized: /api/dashboard/test/
"GET /api/dashboard/test/ HTTP/1.1" 401 58
Watching for file changes with StatReloader
"POST /api/login/ HTTP/1.1" 200 594
"GET /api/dashboard/test HTTP/1.1" 301 0
Unauthorized: /api/dashboard/test/
"GET /api/dashboard/test/ HTTP/1.1" 401 58
"POST /api/login/ HTTP/1.1" 200 594
"GET /api/dashboard/test/ HTTP/1.1" 200 217
"POST /api/login/ HTTP/1.1" 200 594
"GET /api/dashboard/test/ HTTP/1.1" 200 217
"POST /api/login/ HTTP/1.1" 200 594
"GET /api/dashboard/test/ HTTP/1.1" 200 217
"POST /api/login/ HTTP/1.1" 200 594
"GET /api/dashboard/test/ HTTP/1.1" 200 217
"POST /api/login/ HTTP/1.1" 200 594
"GET /api/dashboard/test/ HTTP/1.1" 200 217
"POST /api/login/ HTTP/1.1" 200 594
"GET /api/dashboard/test/ HTTP/1.1" 200 217
Watching for file changes with StatReloader
"POST /api/login/ HTTP/1.1" 200 594
"GET /api/dashboard/test/ HTTP/1.1" 200 217
/home/prajjwal/Projects/PythonDjango/Lms_Api/lms/user/serializers.py changed, reloading.
Watching for file changes with StatReloader
/home/prajjwal/Projects/PythonDjango/Lms_Api/lms/user/serializers.py changed, reloading.
Watching for file changes with StatReloader
/home/prajjwal/Projects/PythonDjango/Lms_Api/lms/user/serializers.py changed, reloading.
Watching for file changes with StatReloader
"POST /api/login/ HTTP/1.1" 200 594
Unauthorized: /api/dashboard/test/
"GET /api/dashboard/test/ HTTP/1.1" 401 183
"GET /api/dashboard/test/ HTTP/1.1" 200 217
/home/prajjwal/Projects/PythonDjango/Lms_Api/lms/dashboard/serializers.py changed, reloading.
Watching for file changes with StatReloader
"GET /api/dashboard/test/ HTTP/1.1" 200 217
"POST /api/login/ HTTP/1.1" 200 594
"GET /api/dashboard/test/ HTTP/1.1" 200 217
Not Found: /api/dashboard/
"GET /api/dashboard/ HTTP/1.1" 404 20366
/home/prajjwal/Projects/PythonDjango/Lms_Api/lms/dashboard/urls.py changed, reloading.
Watching for file changes with StatReloader
Internal Server Error: /api/dashboard/overdue-borrowers/
Traceback (most recent call last):
  File "/home/prajjwal/Projects/PythonDjango/Lms_Api/venv/lib/python3.12/site-packages/django/core/handlers/exception.py", line 55, in inner
    response = get_response(request)
               ^^^^^^^^^^^^^^^^^^^^^
  File "/home/prajjwal/Projects/PythonDjango/Lms_Api/venv/lib/python3.12/site-packages/django/core/handlers/base.py", line 197, in _get_response
    response = wrapped_callback(request, *callback_args, **callback_kwargs)
               ^^^^^^^^^^^^^^^^^^^^^^^^^^^^^^^^^^^^^^^^^^^^^^^^^^^^^^^^^^^^
  File "/home/prajjwal/Projects/PythonDjango/Lms_Api/venv/lib/python3.12/site-packages/django/views/decorators/csrf.py", line 65, in _view_wrapper
    return view_func(request, *args, **kwargs)
           ^^^^^^^^^^^^^^^^^^^^^^^^^^^^^^^^^^^
  File "/home/prajjwal/Projects/PythonDjango/Lms_Api/venv/lib/python3.12/site-packages/rest_framework/viewsets.py", line 124, in view
    return self.dispatch(request, *args, **kwargs)
           ^^^^^^^^^^^^^^^^^^^^^^^^^^^^^^^^^^^^^^^
  File "/home/prajjwal/Projects/PythonDjango/Lms_Api/venv/lib/python3.12/site-packages/rest_framework/views.py", line 509, in dispatch
    response = self.handle_exception(exc)
               ^^^^^^^^^^^^^^^^^^^^^^^^^^
  File "/home/prajjwal/Projects/PythonDjango/Lms_Api/venv/lib/python3.12/site-packages/rest_framework/views.py", line 469, in handle_exception
    self.raise_uncaught_exception(exc)
  File "/home/prajjwal/Projects/PythonDjango/Lms_Api/venv/lib/python3.12/site-packages/rest_framework/views.py", line 480, in raise_uncaught_exception
    raise exc
  File "/home/prajjwal/Projects/PythonDjango/Lms_Api/venv/lib/python3.12/site-packages/rest_framework/views.py", line 506, in dispatch
    response = handler(request, *args, **kwargs)
               ^^^^^^^^^^^^^^^^^^^^^^^^^^^^^^^^^
  File "/home/prajjwal/Projects/PythonDjango/Lms_Api/lms/dashboard/views.py", line 16, in retrieve
    dashboard_data = DashboardService.get_dashboard_data(username)
                     ^^^^^^^^^^^^^^^^^^^^^^^^^^^^^^^^^^^^^^^^^^^^^
  File "/home/prajjwal/Projects/PythonDjango/Lms_Api/lms/dashboard/services.py", line 19, in get_dashboard_data
    user = DashboardRepository.get_user(username)
           ^^^^^^^^^^^^^^^^^^^^^^^^^^^^^^^^^^^^^^
  File "/home/prajjwal/Projects/PythonDjango/Lms_Api/lms/dashboard/repositories.py", line 47, in get_user
    return User.objects.get(user_name=username)
           ^^^^^^^^^^^^^^^^^^^^^^^^^^^^^^^^^^^^
  File "/home/prajjwal/Projects/PythonDjango/Lms_Api/venv/lib/python3.12/site-packages/django/db/models/manager.py", line 87, in manager_method
    return getattr(self.get_queryset(), name)(*args, **kwargs)
           ^^^^^^^^^^^^^^^^^^^^^^^^^^^^^^^^^^^^^^^^^^^^^^^^^^^
  File "/home/prajjwal/Projects/PythonDjango/Lms_Api/venv/lib/python3.12/site-packages/django/db/models/query.py", line 649, in get
    raise self.model.DoesNotExist(
user.models.User.DoesNotExist: User matching query does not exist.
"GET /api/dashboard/overdue-borrowers/ HTTP/1.1" 500 116533
/home/prajjwal/Projects/PythonDjango/Lms_Api/lms/dashboard/urls.py changed, reloading.
Watching for file changes with StatReloader
Not Found: /api/overdue-borrowers/
"GET /api/overdue-borrowers/ HTTP/1.1" 404 20148
Watching for file changes with StatReloader
Watching for file changes with StatReloader
"GET /api/overdue-borrowers/ HTTP/1.1" 200 56
/home/prajjwal/Projects/PythonDjango/Lms_Api/lms/dashboard/services.py changed, reloading.
Watching for file changes with StatReloader
Watching for file changes with StatReloader
Unauthorized: /api/transaction/
"GET /api/transaction/ HTTP/1.1" 401 183
"POST /api/login/ HTTP/1.1" 200 594
Executing function: list with arguments: (<transaction.views.TransactionViewSet object at 0x7adbabf752b0>, <rest_framework.request.Request: GET '/api/transaction/'>), {}
Function list executed successfully
"GET /api/transaction/ HTTP/1.1" 200 3322
"GET /api/overdue-borrowers/ HTTP/1.1" 200 56
Executing function: list with arguments: (<transaction.views.TransactionViewSet object at 0x7adbabe36f00>, <rest_framework.request.Request: GET '/api/transaction/'>), {}
Function list executed successfully
"GET /api/transaction/ HTTP/1.1" 200 3322
/home/prajjwal/Projects/PythonDjango/Lms_Api/lms/dashboard/repositories.py changed, reloading.
Watching for file changes with StatReloader
/home/prajjwal/Projects/PythonDjango/Lms_Api/lms/dashboard/repositories.py changed, reloading.
Watching for file changes with StatReloader
Watching for file changes with StatReloader
"GET /api/overdue-borrowers/ HTTP/1.1" 200 56
/home/prajjwal/Projects/PythonDjango/Lms_Api/lms/dashboard/repositories.py changed, reloading.
Watching for file changes with StatReloader
Watching for file changes with StatReloader
Executing function: list with arguments: (<transaction.views.TransactionViewSet object at 0x7ba28d554e60>, <rest_framework.request.Request: GET '/api/transaction/'>), {}
Function list executed successfully
"GET /api/transaction/ HTTP/1.1" 200 3322
Internal Server Error: /api/overdue-borrowers/
Traceback (most recent call last):
  File "/home/prajjwal/Projects/PythonDjango/Lms_Api/venv/lib/python3.12/site-packages/django/core/handlers/exception.py", line 55, in inner
    response = get_response(request)
               ^^^^^^^^^^^^^^^^^^^^^
  File "/home/prajjwal/Projects/PythonDjango/Lms_Api/venv/lib/python3.12/site-packages/django/core/handlers/base.py", line 197, in _get_response
    response = wrapped_callback(request, *callback_args, **callback_kwargs)
               ^^^^^^^^^^^^^^^^^^^^^^^^^^^^^^^^^^^^^^^^^^^^^^^^^^^^^^^^^^^^
  File "/home/prajjwal/Projects/PythonDjango/Lms_Api/venv/lib/python3.12/site-packages/django/views/decorators/csrf.py", line 65, in _view_wrapper
    return view_func(request, *args, **kwargs)
           ^^^^^^^^^^^^^^^^^^^^^^^^^^^^^^^^^^^
  File "/home/prajjwal/Projects/PythonDjango/Lms_Api/venv/lib/python3.12/site-packages/rest_framework/viewsets.py", line 124, in view
    return self.dispatch(request, *args, **kwargs)
           ^^^^^^^^^^^^^^^^^^^^^^^^^^^^^^^^^^^^^^^
  File "/home/prajjwal/Projects/PythonDjango/Lms_Api/venv/lib/python3.12/site-packages/rest_framework/views.py", line 509, in dispatch
    response = self.handle_exception(exc)
               ^^^^^^^^^^^^^^^^^^^^^^^^^^
  File "/home/prajjwal/Projects/PythonDjango/Lms_Api/venv/lib/python3.12/site-packages/rest_framework/views.py", line 469, in handle_exception
    self.raise_uncaught_exception(exc)
  File "/home/prajjwal/Projects/PythonDjango/Lms_Api/venv/lib/python3.12/site-packages/rest_framework/views.py", line 480, in raise_uncaught_exception
    raise exc
  File "/home/prajjwal/Projects/PythonDjango/Lms_Api/venv/lib/python3.12/site-packages/rest_framework/views.py", line 506, in dispatch
    response = handler(request, *args, **kwargs)
               ^^^^^^^^^^^^^^^^^^^^^^^^^^^^^^^^^
  File "/home/prajjwal/Projects/PythonDjango/Lms_Api/lms/dashboard/views.py", line 25, in retrieve
    overdue_borrowers = service.get_overdue_borrowers()  # Emails are sent here
                        ^^^^^^^^^^^^^^^^^^^^^^^^^^^^^^^
  File "/home/prajjwal/Projects/PythonDjango/Lms_Api/lms/dashboard/services.py", line 40, in get_overdue_borrowers
    overdue_borrowers = DashboardRepository.get_overdue_borrowers()
                        ^^^^^^^^^^^^^^^^^^^^^^^^^^^^^^^^^^^^^^^^^^^
  File "/home/prajjwal/Projects/PythonDjango/Lms_Api/lms/dashboard/repositories.py", line 57, in get_overdue_borrowers
    if timezone.now().date() > overdue_date.date():
                              ^^^^^^^^^^^^^^^^^
AttributeError: 'datetime.date' object has no attribute 'date'
"GET /api/overdue-borrowers/ HTTP/1.1" 500 112830
/home/prajjwal/Projects/PythonDjango/Lms_Api/lms/dashboard/repositories.py changed, reloading.
Watching for file changes with StatReloader
Executing function: list with arguments: (<transaction.views.TransactionViewSet object at 0x7510662ed190>, <rest_framework.request.Request: GET '/api/transaction/'>), {}
Function list executed successfully
"GET /api/transaction/ HTTP/1.1" 200 3322
Internal Server Error: /api/overdue-borrowers/
Traceback (most recent call last):
  File "/home/prajjwal/Projects/PythonDjango/Lms_Api/venv/lib/python3.12/site-packages/django/core/handlers/exception.py", line 55, in inner
    response = get_response(request)
               ^^^^^^^^^^^^^^^^^^^^^
  File "/home/prajjwal/Projects/PythonDjango/Lms_Api/venv/lib/python3.12/site-packages/django/core/handlers/base.py", line 197, in _get_response
    response = wrapped_callback(request, *callback_args, **callback_kwargs)
               ^^^^^^^^^^^^^^^^^^^^^^^^^^^^^^^^^^^^^^^^^^^^^^^^^^^^^^^^^^^^
  File "/home/prajjwal/Projects/PythonDjango/Lms_Api/venv/lib/python3.12/site-packages/django/views/decorators/csrf.py", line 65, in _view_wrapper
    return view_func(request, *args, **kwargs)
           ^^^^^^^^^^^^^^^^^^^^^^^^^^^^^^^^^^^
  File "/home/prajjwal/Projects/PythonDjango/Lms_Api/venv/lib/python3.12/site-packages/rest_framework/viewsets.py", line 124, in view
    return self.dispatch(request, *args, **kwargs)
           ^^^^^^^^^^^^^^^^^^^^^^^^^^^^^^^^^^^^^^^
  File "/home/prajjwal/Projects/PythonDjango/Lms_Api/venv/lib/python3.12/site-packages/rest_framework/views.py", line 509, in dispatch
    response = self.handle_exception(exc)
               ^^^^^^^^^^^^^^^^^^^^^^^^^^
  File "/home/prajjwal/Projects/PythonDjango/Lms_Api/venv/lib/python3.12/site-packages/rest_framework/views.py", line 469, in handle_exception
    self.raise_uncaught_exception(exc)
  File "/home/prajjwal/Projects/PythonDjango/Lms_Api/venv/lib/python3.12/site-packages/rest_framework/views.py", line 480, in raise_uncaught_exception
    raise exc
  File "/home/prajjwal/Projects/PythonDjango/Lms_Api/venv/lib/python3.12/site-packages/rest_framework/views.py", line 506, in dispatch
    response = handler(request, *args, **kwargs)
               ^^^^^^^^^^^^^^^^^^^^^^^^^^^^^^^^^
  File "/home/prajjwal/Projects/PythonDjango/Lms_Api/lms/dashboard/views.py", line 25, in retrieve
    overdue_borrowers = service.get_overdue_borrowers()  # Emails are sent here
                        ^^^^^^^^^^^^^^^^^^^^^^^^^^^^^^^
  File "/home/prajjwal/Projects/PythonDjango/Lms_Api/lms/dashboard/services.py", line 40, in get_overdue_borrowers
    overdue_borrowers = DashboardRepository.get_overdue_borrowers()
                        ^^^^^^^^^^^^^^^^^^^^^^^^^^^^^^^^^^^^^^^^^^^
  File "/home/prajjwal/Projects/PythonDjango/Lms_Api/lms/dashboard/repositories.py", line 57, in get_overdue_borrowers
    if timezone.now().date() > overdue_date.date():
                              ^^^^^^^^^^^^^^^^^
AttributeError: 'datetime.date' object has no attribute 'date'
"GET /api/overdue-borrowers/ HTTP/1.1" 500 110155
/home/prajjwal/Projects/PythonDjango/Lms_Api/lms/dashboard/repositories.py changed, reloading.
Watching for file changes with StatReloader
"GET /api/overdue-borrowers/ HTTP/1.1" 200 56
Watching for file changes with StatReloader
"POST /api/login/ HTTP/1.1" 200 594
"GET /api/dashboard/test/ HTTP/1.1" 200 217
Not Found: /api/dashboard/
"GET /api/dashboard/ HTTP/1.1" 404 20114
"POST /api/login/ HTTP/1.1" 200 594
"GET /api/dashboard/test/ HTTP/1.1" 200 217
"GET /api/overdue-borrowers/ HTTP/1.1" 200 56
Watching for file changes with StatReloader
/home/prajjwal/Projects/PythonDjango/Lms_Api/lms/dashboard/views.py changed, reloading.
Watching for file changes with StatReloader
Watching for file changes with StatReloader
"POST /api/login/ HTTP/1.1" 200 594
"GET /api/dashboard/test/ HTTP/1.1" 200 217
"GET /api/overdue-borrowers/ HTTP/1.1" 200 2
"GET /api/dashboard/test/ HTTP/1.1" 200 217
"GET /api/overdue-borrowers/ HTTP/1.1" 200 2
"POST /api/login/ HTTP/1.1" 200 594
"GET /api/dashboard/test/ HTTP/1.1" 200 217
"GET /api/overdue-borrowers/ HTTP/1.1" 200 2
/home/prajjwal/Projects/PythonDjango/Lms_Api/lms/dashboard/repositories.py changed, reloading.
Watching for file changes with StatReloader
"POST /api/login/ HTTP/1.1" 200 594
"GET /api/dashboard/test/ HTTP/1.1" 200 217
Internal Server Error: /api/overdue-borrowers/
Traceback (most recent call last):
  File "/home/prajjwal/Projects/PythonDjango/Lms_Api/venv/lib/python3.12/site-packages/django/core/handlers/exception.py", line 55, in inner
    response = get_response(request)
               ^^^^^^^^^^^^^^^^^^^^^
  File "/home/prajjwal/Projects/PythonDjango/Lms_Api/venv/lib/python3.12/site-packages/django/core/handlers/base.py", line 197, in _get_response
    response = wrapped_callback(request, *callback_args, **callback_kwargs)
               ^^^^^^^^^^^^^^^^^^^^^^^^^^^^^^^^^^^^^^^^^^^^^^^^^^^^^^^^^^^^
  File "/home/prajjwal/Projects/PythonDjango/Lms_Api/venv/lib/python3.12/site-packages/django/views/decorators/csrf.py", line 65, in _view_wrapper
    return view_func(request, *args, **kwargs)
           ^^^^^^^^^^^^^^^^^^^^^^^^^^^^^^^^^^^
  File "/home/prajjwal/Projects/PythonDjango/Lms_Api/venv/lib/python3.12/site-packages/rest_framework/viewsets.py", line 124, in view
    return self.dispatch(request, *args, **kwargs)
           ^^^^^^^^^^^^^^^^^^^^^^^^^^^^^^^^^^^^^^^
  File "/home/prajjwal/Projects/PythonDjango/Lms_Api/venv/lib/python3.12/site-packages/rest_framework/views.py", line 509, in dispatch
    response = self.handle_exception(exc)
               ^^^^^^^^^^^^^^^^^^^^^^^^^^
  File "/home/prajjwal/Projects/PythonDjango/Lms_Api/venv/lib/python3.12/site-packages/rest_framework/views.py", line 469, in handle_exception
    self.raise_uncaught_exception(exc)
  File "/home/prajjwal/Projects/PythonDjango/Lms_Api/venv/lib/python3.12/site-packages/rest_framework/views.py", line 480, in raise_uncaught_exception
    raise exc
  File "/home/prajjwal/Projects/PythonDjango/Lms_Api/venv/lib/python3.12/site-packages/rest_framework/views.py", line 506, in dispatch
    response = handler(request, *args, **kwargs)
               ^^^^^^^^^^^^^^^^^^^^^^^^^^^^^^^^^
  File "/home/prajjwal/Projects/PythonDjango/Lms_Api/lms/dashboard/views.py", line 25, in retrieve
    overdue_borrowers = service.get_overdue_borrowers()  # Emails are sent here
                        ^^^^^^^^^^^^^^^^^^^^^^^^^^^^^^^
  File "/home/prajjwal/Projects/PythonDjango/Lms_Api/lms/dashboard/services.py", line 40, in get_overdue_borrowers
    overdue_borrowers = DashboardRepository.get_overdue_borrowers()
                        ^^^^^^^^^^^^^^^^^^^^^^^^^^^^^^^^^^^^^^^^^^^
  File "/home/prajjwal/Projects/PythonDjango/Lms_Api/lms/dashboard/repositories.py", line 57, in get_overdue_borrowers
    if timezone.now() > overdue_date:
      ^^^^^^^^^^^^^^^^^^^^^^^^^^^^^
TypeError: can't compare datetime.datetime to datetime.date
"GET /api/overdue-borrowers/ HTTP/1.1" 500 110722
"POST /api/login/ HTTP/1.1" 200 594
"GET /api/dashboard/test/ HTTP/1.1" 200 217
Internal Server Error: /api/overdue-borrowers/
Traceback (most recent call last):
  File "/home/prajjwal/Projects/PythonDjango/Lms_Api/venv/lib/python3.12/site-packages/django/core/handlers/exception.py", line 55, in inner
    response = get_response(request)
               ^^^^^^^^^^^^^^^^^^^^^
  File "/home/prajjwal/Projects/PythonDjango/Lms_Api/venv/lib/python3.12/site-packages/django/core/handlers/base.py", line 197, in _get_response
    response = wrapped_callback(request, *callback_args, **callback_kwargs)
               ^^^^^^^^^^^^^^^^^^^^^^^^^^^^^^^^^^^^^^^^^^^^^^^^^^^^^^^^^^^^
  File "/home/prajjwal/Projects/PythonDjango/Lms_Api/venv/lib/python3.12/site-packages/django/views/decorators/csrf.py", line 65, in _view_wrapper
    return view_func(request, *args, **kwargs)
           ^^^^^^^^^^^^^^^^^^^^^^^^^^^^^^^^^^^
  File "/home/prajjwal/Projects/PythonDjango/Lms_Api/venv/lib/python3.12/site-packages/rest_framework/viewsets.py", line 124, in view
    return self.dispatch(request, *args, **kwargs)
           ^^^^^^^^^^^^^^^^^^^^^^^^^^^^^^^^^^^^^^^
  File "/home/prajjwal/Projects/PythonDjango/Lms_Api/venv/lib/python3.12/site-packages/rest_framework/views.py", line 509, in dispatch
    response = self.handle_exception(exc)
               ^^^^^^^^^^^^^^^^^^^^^^^^^^
  File "/home/prajjwal/Projects/PythonDjango/Lms_Api/venv/lib/python3.12/site-packages/rest_framework/views.py", line 469, in handle_exception
    self.raise_uncaught_exception(exc)
  File "/home/prajjwal/Projects/PythonDjango/Lms_Api/venv/lib/python3.12/site-packages/rest_framework/views.py", line 480, in raise_uncaught_exception
    raise exc
  File "/home/prajjwal/Projects/PythonDjango/Lms_Api/venv/lib/python3.12/site-packages/rest_framework/views.py", line 506, in dispatch
    response = handler(request, *args, **kwargs)
               ^^^^^^^^^^^^^^^^^^^^^^^^^^^^^^^^^
  File "/home/prajjwal/Projects/PythonDjango/Lms_Api/lms/dashboard/views.py", line 25, in retrieve
    overdue_borrowers = service.get_overdue_borrowers()  # Emails are sent here
                        ^^^^^^^^^^^^^^^^^^^^^^^^^^^^^^^
  File "/home/prajjwal/Projects/PythonDjango/Lms_Api/lms/dashboard/services.py", line 40, in get_overdue_borrowers
    overdue_borrowers = DashboardRepository.get_overdue_borrowers()
                        ^^^^^^^^^^^^^^^^^^^^^^^^^^^^^^^^^^^^^^^^^^^
  File "/home/prajjwal/Projects/PythonDjango/Lms_Api/lms/dashboard/repositories.py", line 57, in get_overdue_borrowers
    if timezone.now() > overdue_date:
      ^^^^^^^^^^^^^^^^^^^^^^^^^^^^^
TypeError: can't compare datetime.datetime to datetime.date
"GET /api/overdue-borrowers/ HTTP/1.1" 500 110330
Watching for file changes with StatReloader
Internal Server Error: /api/overdue-borrowers/
Traceback (most recent call last):
  File "/home/prajjwal/Projects/PythonDjango/Lms_Api/venv/lib/python3.12/site-packages/django/core/handlers/exception.py", line 55, in inner
    response = get_response(request)
               ^^^^^^^^^^^^^^^^^^^^^
  File "/home/prajjwal/Projects/PythonDjango/Lms_Api/venv/lib/python3.12/site-packages/django/core/handlers/base.py", line 197, in _get_response
    response = wrapped_callback(request, *callback_args, **callback_kwargs)
               ^^^^^^^^^^^^^^^^^^^^^^^^^^^^^^^^^^^^^^^^^^^^^^^^^^^^^^^^^^^^
  File "/home/prajjwal/Projects/PythonDjango/Lms_Api/venv/lib/python3.12/site-packages/django/views/decorators/csrf.py", line 65, in _view_wrapper
    return view_func(request, *args, **kwargs)
           ^^^^^^^^^^^^^^^^^^^^^^^^^^^^^^^^^^^
  File "/home/prajjwal/Projects/PythonDjango/Lms_Api/venv/lib/python3.12/site-packages/rest_framework/viewsets.py", line 124, in view
    return self.dispatch(request, *args, **kwargs)
           ^^^^^^^^^^^^^^^^^^^^^^^^^^^^^^^^^^^^^^^
  File "/home/prajjwal/Projects/PythonDjango/Lms_Api/venv/lib/python3.12/site-packages/rest_framework/views.py", line 509, in dispatch
    response = self.handle_exception(exc)
               ^^^^^^^^^^^^^^^^^^^^^^^^^^
  File "/home/prajjwal/Projects/PythonDjango/Lms_Api/venv/lib/python3.12/site-packages/rest_framework/views.py", line 469, in handle_exception
    self.raise_uncaught_exception(exc)
  File "/home/prajjwal/Projects/PythonDjango/Lms_Api/venv/lib/python3.12/site-packages/rest_framework/views.py", line 480, in raise_uncaught_exception
    raise exc
  File "/home/prajjwal/Projects/PythonDjango/Lms_Api/venv/lib/python3.12/site-packages/rest_framework/views.py", line 506, in dispatch
    response = handler(request, *args, **kwargs)
               ^^^^^^^^^^^^^^^^^^^^^^^^^^^^^^^^^
  File "/home/prajjwal/Projects/PythonDjango/Lms_Api/lms/dashboard/views.py", line 25, in retrieve
    overdue_borrowers = service.get_overdue_borrowers()  # Emails are sent here
                        ^^^^^^^^^^^^^^^^^^^^^^^^^^^^^^^
  File "/home/prajjwal/Projects/PythonDjango/Lms_Api/lms/dashboard/services.py", line 40, in get_overdue_borrowers
    overdue_borrowers = DashboardRepository.get_overdue_borrowers()
                        ^^^^^^^^^^^^^^^^^^^^^^^^^^^^^^^^^^^^^^^^^^^
  File "/home/prajjwal/Projects/PythonDjango/Lms_Api/lms/dashboard/repositories.py", line 57, in get_overdue_borrowers
    if timezone.now() > overdue_date:
      ^^^^^^^^^^^^^^^^^^^^^^^^^^^^^
TypeError: can't compare datetime.datetime to datetime.date
"GET /api/overdue-borrowers/ HTTP/1.1" 500 108136
Internal Server Error: /api/overdue-borrowers/
Traceback (most recent call last):
  File "/home/prajjwal/Projects/PythonDjango/Lms_Api/venv/lib/python3.12/site-packages/django/core/handlers/exception.py", line 55, in inner
    response = get_response(request)
               ^^^^^^^^^^^^^^^^^^^^^
  File "/home/prajjwal/Projects/PythonDjango/Lms_Api/venv/lib/python3.12/site-packages/django/core/handlers/base.py", line 197, in _get_response
    response = wrapped_callback(request, *callback_args, **callback_kwargs)
               ^^^^^^^^^^^^^^^^^^^^^^^^^^^^^^^^^^^^^^^^^^^^^^^^^^^^^^^^^^^^
  File "/home/prajjwal/Projects/PythonDjango/Lms_Api/venv/lib/python3.12/site-packages/django/views/decorators/csrf.py", line 65, in _view_wrapper
    return view_func(request, *args, **kwargs)
           ^^^^^^^^^^^^^^^^^^^^^^^^^^^^^^^^^^^
  File "/home/prajjwal/Projects/PythonDjango/Lms_Api/venv/lib/python3.12/site-packages/rest_framework/viewsets.py", line 124, in view
    return self.dispatch(request, *args, **kwargs)
           ^^^^^^^^^^^^^^^^^^^^^^^^^^^^^^^^^^^^^^^
  File "/home/prajjwal/Projects/PythonDjango/Lms_Api/venv/lib/python3.12/site-packages/rest_framework/views.py", line 509, in dispatch
    response = self.handle_exception(exc)
               ^^^^^^^^^^^^^^^^^^^^^^^^^^
  File "/home/prajjwal/Projects/PythonDjango/Lms_Api/venv/lib/python3.12/site-packages/rest_framework/views.py", line 469, in handle_exception
    self.raise_uncaught_exception(exc)
  File "/home/prajjwal/Projects/PythonDjango/Lms_Api/venv/lib/python3.12/site-packages/rest_framework/views.py", line 480, in raise_uncaught_exception
    raise exc
  File "/home/prajjwal/Projects/PythonDjango/Lms_Api/venv/lib/python3.12/site-packages/rest_framework/views.py", line 506, in dispatch
    response = handler(request, *args, **kwargs)
               ^^^^^^^^^^^^^^^^^^^^^^^^^^^^^^^^^
  File "/home/prajjwal/Projects/PythonDjango/Lms_Api/lms/dashboard/views.py", line 25, in retrieve
    overdue_borrowers = service.get_overdue_borrowers()  # Emails are sent here
                        ^^^^^^^^^^^^^^^^^^^^^^^^^^^^^^^
  File "/home/prajjwal/Projects/PythonDjango/Lms_Api/lms/dashboard/services.py", line 40, in get_overdue_borrowers
    overdue_borrowers = DashboardRepository.get_overdue_borrowers()
                        ^^^^^^^^^^^^^^^^^^^^^^^^^^^^^^^^^^^^^^^^^^^
  File "/home/prajjwal/Projects/PythonDjango/Lms_Api/lms/dashboard/repositories.py", line 57, in get_overdue_borrowers
    if timezone.now() > overdue_date:
      ^^^^^^^^^^^^^^^^^^^^^^^^^^^^^
TypeError: can't compare datetime.datetime to datetime.date
"GET /api/overdue-borrowers/ HTTP/1.1" 500 111028
/home/prajjwal/Projects/PythonDjango/Lms_Api/lms/dashboard/repositories.py changed, reloading.
Watching for file changes with StatReloader
"GET /api/overdue-borrowers/ HTTP/1.1" 200 2
"GET /api/overdue-borrowers/ HTTP/1.1" 200 2
/home/prajjwal/Projects/PythonDjango/Lms_Api/lms/dashboard/repositories.py changed, reloading.
Watching for file changes with StatReloader
/home/prajjwal/Projects/PythonDjango/Lms_Api/lms/dashboard/repositories.py changed, reloading.
Watching for file changes with StatReloader
/home/prajjwal/Projects/PythonDjango/Lms_Api/lms/dashboard/repositories.py changed, reloading.
Watching for file changes with StatReloader
/home/prajjwal/Projects/PythonDjango/Lms_Api/lms/dashboard/repositories.py changed, reloading.
Watching for file changes with StatReloader
"GET /api/overdue-borrowers/ HTTP/1.1" 200 2
Internal Server Error: /api/overdue-borrowers/
Traceback (most recent call last):
  File "/home/prajjwal/Projects/PythonDjango/Lms_Api/venv/lib/python3.12/site-packages/django/core/handlers/exception.py", line 55, in inner
    response = get_response(request)
               ^^^^^^^^^^^^^^^^^^^^^
  File "/home/prajjwal/Projects/PythonDjango/Lms_Api/venv/lib/python3.12/site-packages/django/core/handlers/base.py", line 197, in _get_response
    response = wrapped_callback(request, *callback_args, **callback_kwargs)
               ^^^^^^^^^^^^^^^^^^^^^^^^^^^^^^^^^^^^^^^^^^^^^^^^^^^^^^^^^^^^
  File "/home/prajjwal/Projects/PythonDjango/Lms_Api/venv/lib/python3.12/site-packages/django/views/decorators/csrf.py", line 65, in _view_wrapper
    return view_func(request, *args, **kwargs)
           ^^^^^^^^^^^^^^^^^^^^^^^^^^^^^^^^^^^
  File "/home/prajjwal/Projects/PythonDjango/Lms_Api/venv/lib/python3.12/site-packages/rest_framework/viewsets.py", line 124, in view
    return self.dispatch(request, *args, **kwargs)
           ^^^^^^^^^^^^^^^^^^^^^^^^^^^^^^^^^^^^^^^
  File "/home/prajjwal/Projects/PythonDjango/Lms_Api/venv/lib/python3.12/site-packages/rest_framework/views.py", line 509, in dispatch
    response = self.handle_exception(exc)
               ^^^^^^^^^^^^^^^^^^^^^^^^^^
  File "/home/prajjwal/Projects/PythonDjango/Lms_Api/venv/lib/python3.12/site-packages/rest_framework/views.py", line 469, in handle_exception
    self.raise_uncaught_exception(exc)
  File "/home/prajjwal/Projects/PythonDjango/Lms_Api/venv/lib/python3.12/site-packages/rest_framework/views.py", line 480, in raise_uncaught_exception
    raise exc
  File "/home/prajjwal/Projects/PythonDjango/Lms_Api/venv/lib/python3.12/site-packages/rest_framework/views.py", line 506, in dispatch
    response = handler(request, *args, **kwargs)
               ^^^^^^^^^^^^^^^^^^^^^^^^^^^^^^^^^
  File "/home/prajjwal/Projects/PythonDjango/Lms_Api/lms/dashboard/views.py", line 27, in retrieve
    return Response(serializer.data)
                    ^^^^^^^^^^^^^^^
  File "/home/prajjwal/Projects/PythonDjango/Lms_Api/venv/lib/python3.12/site-packages/rest_framework/serializers.py", line 795, in data
    ret = super().data
          ^^^^^^^^^^^^
  File "/home/prajjwal/Projects/PythonDjango/Lms_Api/venv/lib/python3.12/site-packages/rest_framework/serializers.py", line 249, in data
    self._data = self.to_representation(self.instance)
                 ^^^^^^^^^^^^^^^^^^^^^^^^^^^^^^^^^^^^^
  File "/home/prajjwal/Projects/PythonDjango/Lms_Api/venv/lib/python3.12/site-packages/rest_framework/serializers.py", line 714, in to_representation
    self.child.to_representation(item) for item in iterable
    ^^^^^^^^^^^^^^^^^^^^^^^^^^^^^^^^^^
  File "/home/prajjwal/Projects/PythonDjango/Lms_Api/venv/lib/python3.12/site-packages/rest_framework/serializers.py", line 523, in to_representation
    for field in fields:
  File "/home/prajjwal/Projects/PythonDjango/Lms_Api/venv/lib/python3.12/site-packages/rest_framework/serializers.py", line 384, in _readable_fields
    for field in self.fields.values():
                 ^^^^^^^^^^^
  File "/home/prajjwal/Projects/PythonDjango/Lms_Api/venv/lib/python3.12/site-packages/django/utils/functional.py", line 47, in __get__
    res = instance.__dict__[self.name] = self.func(instance)
                                         ^^^^^^^^^^^^^^^^^^^
  File "/home/prajjwal/Projects/PythonDjango/Lms_Api/venv/lib/python3.12/site-packages/rest_framework/serializers.py", line 372, in fields
    for key, value in self.get_fields().items():
                      ^^^^^^^^^^^^^^^^^
  File "/home/prajjwal/Projects/PythonDjango/Lms_Api/venv/lib/python3.12/site-packages/rest_framework/serializers.py", line 1079, in get_fields
    field_names = self.get_field_names(declared_fields, info)
                  ^^^^^^^^^^^^^^^^^^^^^^^^^^^^^^^^^^^^^^^^^^^
  File "/home/prajjwal/Projects/PythonDjango/Lms_Api/venv/lib/python3.12/site-packages/rest_framework/serializers.py", line 1175, in get_field_names
    assert field_name in fields, (
           ^^^^^^^^^^^^^^^^^^^^
AssertionError: The field 'borrowed_id' was declared on serializer OverdueBorrowerSerializer, but has not been included in the 'fields' option.
"GET /api/overdue-borrowers/ HTTP/1.1" 500 145022
Internal Server Error: /api/overdue-borrowers/
Traceback (most recent call last):
  File "/home/prajjwal/Projects/PythonDjango/Lms_Api/venv/lib/python3.12/site-packages/django/core/handlers/exception.py", line 55, in inner
    response = get_response(request)
               ^^^^^^^^^^^^^^^^^^^^^
  File "/home/prajjwal/Projects/PythonDjango/Lms_Api/venv/lib/python3.12/site-packages/django/core/handlers/base.py", line 197, in _get_response
    response = wrapped_callback(request, *callback_args, **callback_kwargs)
               ^^^^^^^^^^^^^^^^^^^^^^^^^^^^^^^^^^^^^^^^^^^^^^^^^^^^^^^^^^^^
  File "/home/prajjwal/Projects/PythonDjango/Lms_Api/venv/lib/python3.12/site-packages/django/views/decorators/csrf.py", line 65, in _view_wrapper
    return view_func(request, *args, **kwargs)
           ^^^^^^^^^^^^^^^^^^^^^^^^^^^^^^^^^^^
  File "/home/prajjwal/Projects/PythonDjango/Lms_Api/venv/lib/python3.12/site-packages/rest_framework/viewsets.py", line 124, in view
    return self.dispatch(request, *args, **kwargs)
           ^^^^^^^^^^^^^^^^^^^^^^^^^^^^^^^^^^^^^^^
  File "/home/prajjwal/Projects/PythonDjango/Lms_Api/venv/lib/python3.12/site-packages/rest_framework/views.py", line 509, in dispatch
    response = self.handle_exception(exc)
               ^^^^^^^^^^^^^^^^^^^^^^^^^^
  File "/home/prajjwal/Projects/PythonDjango/Lms_Api/venv/lib/python3.12/site-packages/rest_framework/views.py", line 469, in handle_exception
    self.raise_uncaught_exception(exc)
  File "/home/prajjwal/Projects/PythonDjango/Lms_Api/venv/lib/python3.12/site-packages/rest_framework/views.py", line 480, in raise_uncaught_exception
    raise exc
  File "/home/prajjwal/Projects/PythonDjango/Lms_Api/venv/lib/python3.12/site-packages/rest_framework/views.py", line 506, in dispatch
    response = handler(request, *args, **kwargs)
               ^^^^^^^^^^^^^^^^^^^^^^^^^^^^^^^^^
  File "/home/prajjwal/Projects/PythonDjango/Lms_Api/lms/dashboard/views.py", line 27, in retrieve
    return Response(serializer.data)
                    ^^^^^^^^^^^^^^^
  File "/home/prajjwal/Projects/PythonDjango/Lms_Api/venv/lib/python3.12/site-packages/rest_framework/serializers.py", line 795, in data
    ret = super().data
          ^^^^^^^^^^^^
  File "/home/prajjwal/Projects/PythonDjango/Lms_Api/venv/lib/python3.12/site-packages/rest_framework/serializers.py", line 249, in data
    self._data = self.to_representation(self.instance)
                 ^^^^^^^^^^^^^^^^^^^^^^^^^^^^^^^^^^^^^
  File "/home/prajjwal/Projects/PythonDjango/Lms_Api/venv/lib/python3.12/site-packages/rest_framework/serializers.py", line 714, in to_representation
    self.child.to_representation(item) for item in iterable
    ^^^^^^^^^^^^^^^^^^^^^^^^^^^^^^^^^^
  File "/home/prajjwal/Projects/PythonDjango/Lms_Api/venv/lib/python3.12/site-packages/rest_framework/serializers.py", line 523, in to_representation
    for field in fields:
  File "/home/prajjwal/Projects/PythonDjango/Lms_Api/venv/lib/python3.12/site-packages/rest_framework/serializers.py", line 384, in _readable_fields
    for field in self.fields.values():
                 ^^^^^^^^^^^
  File "/home/prajjwal/Projects/PythonDjango/Lms_Api/venv/lib/python3.12/site-packages/django/utils/functional.py", line 47, in __get__
    res = instance.__dict__[self.name] = self.func(instance)
                                         ^^^^^^^^^^^^^^^^^^^
  File "/home/prajjwal/Projects/PythonDjango/Lms_Api/venv/lib/python3.12/site-packages/rest_framework/serializers.py", line 372, in fields
    for key, value in self.get_fields().items():
                      ^^^^^^^^^^^^^^^^^
  File "/home/prajjwal/Projects/PythonDjango/Lms_Api/venv/lib/python3.12/site-packages/rest_framework/serializers.py", line 1079, in get_fields
    field_names = self.get_field_names(declared_fields, info)
                  ^^^^^^^^^^^^^^^^^^^^^^^^^^^^^^^^^^^^^^^^^^^
  File "/home/prajjwal/Projects/PythonDjango/Lms_Api/venv/lib/python3.12/site-packages/rest_framework/serializers.py", line 1175, in get_field_names
    assert field_name in fields, (
           ^^^^^^^^^^^^^^^^^^^^
AssertionError: The field 'borrowed_id' was declared on serializer OverdueBorrowerSerializer, but has not been included in the 'fields' option.
"GET /api/overdue-borrowers/ HTTP/1.1" 500 145029
/home/prajjwal/Projects/PythonDjango/Lms_Api/lms/dashboard/serializers.py changed, reloading.
Watching for file changes with StatReloader
"GET /api/overdue-borrowers/ HTTP/1.1" 200 7
"GET /api/overdue-borrowers/ HTTP/1.1" 200 7
/home/prajjwal/Projects/PythonDjango/Lms_Api/lms/dashboard/serializers.py changed, reloading.
Watching for file changes with StatReloader
/home/prajjwal/Projects/PythonDjango/Lms_Api/lms/dashboard/serializers.py changed, reloading.
Watching for file changes with StatReloader
Watching for file changes with StatReloader
"GET /api/overdue-borrowers/ HTTP/1.1" 200 7
/home/prajjwal/Projects/PythonDjango/Lms_Api/lms/dashboard/repositories.py changed, reloading.
Watching for file changes with StatReloader
Watching for file changes with StatReloader
"GET /api/overdue-borrowers/ HTTP/1.1" 200 329
"GET /api/dashboard/test/ HTTP/1.1" 200 217
"GET /api/overdue-borrowers/ HTTP/1.1" 200 329
Not Found: /api/dashboard/
"GET /api/dashboard/ HTTP/1.1" 404 20414
"GET /api/dashboard/test/ HTTP/1.1" 200 217
/home/prajjwal/Projects/PythonDjango/Lms_Api/lms/dashboard/repositories.py changed, reloading.
Watching for file changes with StatReloader
"GET /api/dashboard/test/ HTTP/1.1" 200 217
"GET /api/dashboard/test/ HTTP/1.1" 200 217
"GET /api/overdue-borrowers/ HTTP/1.1" 200 329
Watching for file changes with StatReloader
"POST /api/login/ HTTP/1.1" 200 594
"GET /api/dashboard/test/ HTTP/1.1" 200 217
"GET /api/overdue-borrowers/ HTTP/1.1" 200 329
/home/prajjwal/Projects/PythonDjango/Lms_Api/lms/author/serializers.py changed, reloading.
Watching for file changes with StatReloader
"POST /api/login/ HTTP/1.1" 200 594
"GET /api/dashboard/test/ HTTP/1.1" 200 217
"GET /api/overdue-borrowers/ HTTP/1.1" 200 329
Method Not Allowed: /api/author/
"GET /api/author/ HTTP/1.1" 405 40
Watching for file changes with StatReloader
"POST /api/login/ HTTP/1.1" 200 594
Method Not Allowed: /api/author/
"GET /api/author/ HTTP/1.1" 405 40
Not Found: /api/authors/
"GET /api/authors/ HTTP/1.1" 404 20408
Method Not Allowed: /api/author/
"GET /api/author/ HTTP/1.1" 405 40
"GET /api/author/1/ HTTP/1.1" 200 67
/home/prajjwal/Projects/PythonDjango/Lms_Api/lms/author/urls.py changed, reloading.
Watching for file changes with StatReloader
/home/prajjwal/Projects/PythonDjango/Lms_Api/lms/author/urls.py changed, reloading.
Watching for file changes with StatReloader
Method Not Allowed: /api/author/
"GET /api/author/ HTTP/1.1" 405 40
/home/prajjwal/Projects/PythonDjango/Lms_Api/lms/author/views.py changed, reloading.
Watching for file changes with StatReloader
Method Not Allowed: /api/author/
"GET /api/author/ HTTP/1.1" 405 40
Watching for file changes with StatReloader
Internal Server Error: /api/author/
Traceback (most recent call last):
  File "/home/prajjwal/Projects/PythonDjango/Lms_Api/venv/lib/python3.12/site-packages/django/core/handlers/exception.py", line 55, in inner
    response = get_response(request)
               ^^^^^^^^^^^^^^^^^^^^^
  File "/home/prajjwal/Projects/PythonDjango/Lms_Api/venv/lib/python3.12/site-packages/django/core/handlers/base.py", line 197, in _get_response
    response = wrapped_callback(request, *callback_args, **callback_kwargs)
               ^^^^^^^^^^^^^^^^^^^^^^^^^^^^^^^^^^^^^^^^^^^^^^^^^^^^^^^^^^^^
  File "/home/prajjwal/Projects/PythonDjango/Lms_Api/venv/lib/python3.12/site-packages/django/views/decorators/csrf.py", line 65, in _view_wrapper
    return view_func(request, *args, **kwargs)
           ^^^^^^^^^^^^^^^^^^^^^^^^^^^^^^^^^^^
  File "/home/prajjwal/Projects/PythonDjango/Lms_Api/venv/lib/python3.12/site-packages/rest_framework/viewsets.py", line 124, in view
    return self.dispatch(request, *args, **kwargs)
           ^^^^^^^^^^^^^^^^^^^^^^^^^^^^^^^^^^^^^^^
  File "/home/prajjwal/Projects/PythonDjango/Lms_Api/venv/lib/python3.12/site-packages/rest_framework/views.py", line 509, in dispatch
    response = self.handle_exception(exc)
               ^^^^^^^^^^^^^^^^^^^^^^^^^^
  File "/home/prajjwal/Projects/PythonDjango/Lms_Api/venv/lib/python3.12/site-packages/rest_framework/views.py", line 469, in handle_exception
    self.raise_uncaught_exception(exc)
  File "/home/prajjwal/Projects/PythonDjango/Lms_Api/venv/lib/python3.12/site-packages/rest_framework/views.py", line 480, in raise_uncaught_exception
    raise exc
  File "/home/prajjwal/Projects/PythonDjango/Lms_Api/venv/lib/python3.12/site-packages/rest_framework/views.py", line 506, in dispatch
    response = handler(request, *args, **kwargs)
               ^^^^^^^^^^^^^^^^^^^^^^^^^^^^^^^^^
  File "/home/prajjwal/Projects/PythonDjango/Lms_Api/lms/author/views.py", line 43, in list
    authors = service.list_authors()
              ^^^^^^^^^^^^^^^^^^^^^^
  File "/home/prajjwal/Projects/PythonDjango/Lms_Api/lms/author/services.py", line 39, in list_authors
    return self.repo.list_authors()
           ^^^^^^^^^^^^^^^^^^^^^^
AttributeError: 'AuthorRepository' object has no attribute 'list_authors'
"GET /api/author/ HTTP/1.1" 500 101330
/home/prajjwal/Projects/PythonDjango/Lms_Api/lms/author/services.py changed, reloading.
Watching for file changes with StatReloader
Internal Server Error: /api/author/
Traceback (most recent call last):
  File "/home/prajjwal/Projects/PythonDjango/Lms_Api/venv/lib/python3.12/site-packages/django/core/handlers/exception.py", line 55, in inner
    response = get_response(request)
               ^^^^^^^^^^^^^^^^^^^^^
  File "/home/prajjwal/Projects/PythonDjango/Lms_Api/venv/lib/python3.12/site-packages/django/core/handlers/base.py", line 197, in _get_response
    response = wrapped_callback(request, *callback_args, **callback_kwargs)
               ^^^^^^^^^^^^^^^^^^^^^^^^^^^^^^^^^^^^^^^^^^^^^^^^^^^^^^^^^^^^
  File "/home/prajjwal/Projects/PythonDjango/Lms_Api/venv/lib/python3.12/site-packages/django/views/decorators/csrf.py", line 65, in _view_wrapper
    return view_func(request, *args, **kwargs)
           ^^^^^^^^^^^^^^^^^^^^^^^^^^^^^^^^^^^
  File "/home/prajjwal/Projects/PythonDjango/Lms_Api/venv/lib/python3.12/site-packages/rest_framework/viewsets.py", line 124, in view
    return self.dispatch(request, *args, **kwargs)
           ^^^^^^^^^^^^^^^^^^^^^^^^^^^^^^^^^^^^^^^
  File "/home/prajjwal/Projects/PythonDjango/Lms_Api/venv/lib/python3.12/site-packages/rest_framework/views.py", line 509, in dispatch
    response = self.handle_exception(exc)
               ^^^^^^^^^^^^^^^^^^^^^^^^^^
  File "/home/prajjwal/Projects/PythonDjango/Lms_Api/venv/lib/python3.12/site-packages/rest_framework/views.py", line 469, in handle_exception
    self.raise_uncaught_exception(exc)
  File "/home/prajjwal/Projects/PythonDjango/Lms_Api/venv/lib/python3.12/site-packages/rest_framework/views.py", line 480, in raise_uncaught_exception
    raise exc
  File "/home/prajjwal/Projects/PythonDjango/Lms_Api/venv/lib/python3.12/site-packages/rest_framework/views.py", line 506, in dispatch
    response = handler(request, *args, **kwargs)
               ^^^^^^^^^^^^^^^^^^^^^^^^^^^^^^^^^
  File "/home/prajjwal/Projects/PythonDjango/Lms_Api/lms/author/views.py", line 43, in list
    authors = service.list_authors()
              ^^^^^^^^^^^^^^^^^^^^^^
  File "/home/prajjwal/Projects/PythonDjango/Lms_Api/lms/author/services.py", line 39, in list_authors
    return self.repo.get_all_authors()
           ^^^^^^^^^^^^^^^^^^^^^^^^^^^
  File "/home/prajjwal/Projects/PythonDjango/Lms_Api/lms/author/repositories.py", line 13, in get_all_authors
    authors = Author.objects.get(is_deleted = False)
              ^^^^^^^^^^^^^^^^^^^^^^^^^^^^^^^^^^^^^^
  File "/home/prajjwal/Projects/PythonDjango/Lms_Api/venv/lib/python3.12/site-packages/django/db/models/manager.py", line 87, in manager_method
    return getattr(self.get_queryset(), name)(*args, **kwargs)
           ^^^^^^^^^^^^^^^^^^^^^^^^^^^^^^^^^^^^^^^^^^^^^^^^^^^
  File "/home/prajjwal/Projects/PythonDjango/Lms_Api/venv/lib/python3.12/site-packages/django/db/models/query.py", line 652, in get
    raise self.model.MultipleObjectsReturned(
author.models.Author.MultipleObjectsReturned: get() returned more than one Author -- it returned 2!
"GET /api/author/ HTTP/1.1" 500 114393
Internal Server Error: /api/author/
Traceback (most recent call last):
  File "/home/prajjwal/Projects/PythonDjango/Lms_Api/venv/lib/python3.12/site-packages/django/core/handlers/exception.py", line 55, in inner
    response = get_response(request)
               ^^^^^^^^^^^^^^^^^^^^^
  File "/home/prajjwal/Projects/PythonDjango/Lms_Api/venv/lib/python3.12/site-packages/django/core/handlers/base.py", line 197, in _get_response
    response = wrapped_callback(request, *callback_args, **callback_kwargs)
               ^^^^^^^^^^^^^^^^^^^^^^^^^^^^^^^^^^^^^^^^^^^^^^^^^^^^^^^^^^^^
  File "/home/prajjwal/Projects/PythonDjango/Lms_Api/venv/lib/python3.12/site-packages/django/views/decorators/csrf.py", line 65, in _view_wrapper
    return view_func(request, *args, **kwargs)
           ^^^^^^^^^^^^^^^^^^^^^^^^^^^^^^^^^^^
  File "/home/prajjwal/Projects/PythonDjango/Lms_Api/venv/lib/python3.12/site-packages/rest_framework/viewsets.py", line 124, in view
    return self.dispatch(request, *args, **kwargs)
           ^^^^^^^^^^^^^^^^^^^^^^^^^^^^^^^^^^^^^^^
  File "/home/prajjwal/Projects/PythonDjango/Lms_Api/venv/lib/python3.12/site-packages/rest_framework/views.py", line 509, in dispatch
    response = self.handle_exception(exc)
               ^^^^^^^^^^^^^^^^^^^^^^^^^^
  File "/home/prajjwal/Projects/PythonDjango/Lms_Api/venv/lib/python3.12/site-packages/rest_framework/views.py", line 469, in handle_exception
    self.raise_uncaught_exception(exc)
  File "/home/prajjwal/Projects/PythonDjango/Lms_Api/venv/lib/python3.12/site-packages/rest_framework/views.py", line 480, in raise_uncaught_exception
    raise exc
  File "/home/prajjwal/Projects/PythonDjango/Lms_Api/venv/lib/python3.12/site-packages/rest_framework/views.py", line 506, in dispatch
    response = handler(request, *args, **kwargs)
               ^^^^^^^^^^^^^^^^^^^^^^^^^^^^^^^^^
  File "/home/prajjwal/Projects/PythonDjango/Lms_Api/lms/author/views.py", line 43, in list
    authors = service.list_authors()
              ^^^^^^^^^^^^^^^^^^^^^^
  File "/home/prajjwal/Projects/PythonDjango/Lms_Api/lms/author/services.py", line 39, in list_authors
    return self.repo.get_all_authors()
           ^^^^^^^^^^^^^^^^^^^^^^^^^^^
  File "/home/prajjwal/Projects/PythonDjango/Lms_Api/lms/author/repositories.py", line 13, in get_all_authors
    authors = Author.objects.get(is_deleted = False)
              ^^^^^^^^^^^^^^^^^^^^^^^^^^^^^^^^^^^^^^
  File "/home/prajjwal/Projects/PythonDjango/Lms_Api/venv/lib/python3.12/site-packages/django/db/models/manager.py", line 87, in manager_method
    return getattr(self.get_queryset(), name)(*args, **kwargs)
           ^^^^^^^^^^^^^^^^^^^^^^^^^^^^^^^^^^^^^^^^^^^^^^^^^^^
  File "/home/prajjwal/Projects/PythonDjango/Lms_Api/venv/lib/python3.12/site-packages/django/db/models/query.py", line 652, in get
    raise self.model.MultipleObjectsReturned(
author.models.Author.MultipleObjectsReturned: get() returned more than one Author -- it returned 2!
"GET /api/author/ HTTP/1.1" 500 114879
Watching for file changes with StatReloader
"GET /api/author/ HTTP/1.1" 200 135
"GET /api/author/ HTTP/1.1" 200 135
"POST /api/login/ HTTP/1.1" 200 594
"GET /api/dashboard/test/ HTTP/1.1" 200 217
"GET /api/overdue-borrowers/ HTTP/1.1" 200 329
"POST /api/login/ HTTP/1.1" 200 594
"GET /api/dashboard/test/ HTTP/1.1" 200 217
"GET /api/overdue-borrowers/ HTTP/1.1" 200 329
"GET /api/author/ HTTP/1.1" 200 135
Bad Request: /api/author/
"POST /api/author/ HTTP/1.1" 400 36
code 400, message Bad request syntax ('47')
"47" 400 -
"GET /api/author/ HTTP/1.1" 200 135
Bad Request: /api/author/
"POST /api/author/ HTTP/1.1" 400 36
code 400, message Bad request syntax ('44')
"44" 400 -
Bad Request: /api/author/
code 400, message Bad request syntax ('44')
"44" 400 -
- Broken pipe from ('127.0.0.1', 51220)
"POST /api/login/ HTTP/1.1" 200 594
"GET /api/dashboard/test/ HTTP/1.1" 200 217
"GET /api/overdue-borrowers/ HTTP/1.1" 200 329
"GET /api/author/ HTTP/1.1" 200 135
"POST /api/author/ HTTP/1.1" 201 68
"GET /api/author/ HTTP/1.1" 200 204
"GET /api/author/3/ HTTP/1.1" 200 68
Not Found: /api/author//3
"PUT /api/author//3 HTTP/1.1" 404 19869
code 400, message Bad request syntax ('44')
"44" 400 -
"POST /api/login/ HTTP/1.1" 200 594
"GET /api/dashboard/test/ HTTP/1.1" 200 217
"GET /api/overdue-borrowers/ HTTP/1.1" 200 329
"GET /api/author/ HTTP/1.1" 200 204
"GET /api/author/3/ HTTP/1.1" 200 68
Internal Server Error: /api/author/3
Traceback (most recent call last):
  File "/home/prajjwal/Projects/PythonDjango/Lms_Api/venv/lib/python3.12/site-packages/django/core/handlers/exception.py", line 55, in inner
    response = get_response(request)
               ^^^^^^^^^^^^^^^^^^^^^
  File "/home/prajjwal/Projects/PythonDjango/Lms_Api/venv/lib/python3.12/site-packages/django/utils/deprecation.py", line 131, in __call__
    response = self.process_response(request, response)
               ^^^^^^^^^^^^^^^^^^^^^^^^^^^^^^^^^^^^^^^^
  File "/home/prajjwal/Projects/PythonDjango/Lms_Api/venv/lib/python3.12/site-packages/django/middleware/common.py", line 108, in process_response
    return self.response_redirect_class(self.get_full_path_with_slash(request))
                                        ^^^^^^^^^^^^^^^^^^^^^^^^^^^^^^^^^^^^^^
  File "/home/prajjwal/Projects/PythonDjango/Lms_Api/venv/lib/python3.12/site-packages/django/middleware/common.py", line 87, in get_full_path_with_slash
    raise RuntimeError(
RuntimeError: You called this URL via PUT, but the URL doesn't end in a slash and you have APPEND_SLASH set. Django can't redirect to the slash URL while maintaining PUT data. Change your form to point to 127.0.0.1:8000/api/author/3/ (note the trailing slash), or set APPEND_SLASH=False in your Django settings.
"PUT /api/author/3 HTTP/1.1" 500 74693
"GET /api/author/ HTTP/1.1" 200 204
"GET /api/author/3/ HTTP/1.1" 200 68
Internal Server Error: /api/author/3
Traceback (most recent call last):
  File "/home/prajjwal/Projects/PythonDjango/Lms_Api/venv/lib/python3.12/site-packages/django/core/handlers/exception.py", line 55, in inner
    response = get_response(request)
               ^^^^^^^^^^^^^^^^^^^^^
  File "/home/prajjwal/Projects/PythonDjango/Lms_Api/venv/lib/python3.12/site-packages/django/utils/deprecation.py", line 131, in __call__
    response = self.process_response(request, response)
               ^^^^^^^^^^^^^^^^^^^^^^^^^^^^^^^^^^^^^^^^
  File "/home/prajjwal/Projects/PythonDjango/Lms_Api/venv/lib/python3.12/site-packages/django/middleware/common.py", line 108, in process_response
    return self.response_redirect_class(self.get_full_path_with_slash(request))
                                        ^^^^^^^^^^^^^^^^^^^^^^^^^^^^^^^^^^^^^^
  File "/home/prajjwal/Projects/PythonDjango/Lms_Api/venv/lib/python3.12/site-packages/django/middleware/common.py", line 87, in get_full_path_with_slash
    raise RuntimeError(
RuntimeError: You called this URL via PUT, but the URL doesn't end in a slash and you have APPEND_SLASH set. Django can't redirect to the slash URL while maintaining PUT data. Change your form to point to 127.0.0.1:8000/api/author/3/ (note the trailing slash), or set APPEND_SLASH=False in your Django settings.
"PUT /api/author/3 HTTP/1.1" 500 74693
"GET /api/author/ HTTP/1.1" 200 204
"GET /api/author/3/ HTTP/1.1" 200 68
Internal Server Error: /api/author/3
Traceback (most recent call last):
  File "/home/prajjwal/Projects/PythonDjango/Lms_Api/venv/lib/python3.12/site-packages/django/core/handlers/exception.py", line 55, in inner
    response = get_response(request)
               ^^^^^^^^^^^^^^^^^^^^^
  File "/home/prajjwal/Projects/PythonDjango/Lms_Api/venv/lib/python3.12/site-packages/django/utils/deprecation.py", line 131, in __call__
    response = self.process_response(request, response)
               ^^^^^^^^^^^^^^^^^^^^^^^^^^^^^^^^^^^^^^^^
  File "/home/prajjwal/Projects/PythonDjango/Lms_Api/venv/lib/python3.12/site-packages/django/middleware/common.py", line 108, in process_response
    return self.response_redirect_class(self.get_full_path_with_slash(request))
                                        ^^^^^^^^^^^^^^^^^^^^^^^^^^^^^^^^^^^^^^
  File "/home/prajjwal/Projects/PythonDjango/Lms_Api/venv/lib/python3.12/site-packages/django/middleware/common.py", line 87, in get_full_path_with_slash
    raise RuntimeError(
RuntimeError: You called this URL via PUT, but the URL doesn't end in a slash and you have APPEND_SLASH set. Django can't redirect to the slash URL while maintaining PUT data. Change your form to point to 127.0.0.1:8000/api/author/3/ (note the trailing slash), or set APPEND_SLASH=False in your Django settings.
"PUT /api/author/3 HTTP/1.1" 500 74693
"GET /api/author/ HTTP/1.1" 200 204
"GET /api/author/1/ HTTP/1.1" 200 67
Internal Server Error: /api/author/1
Traceback (most recent call last):
  File "/home/prajjwal/Projects/PythonDjango/Lms_Api/venv/lib/python3.12/site-packages/django/core/handlers/exception.py", line 55, in inner
    response = get_response(request)
               ^^^^^^^^^^^^^^^^^^^^^
  File "/home/prajjwal/Projects/PythonDjango/Lms_Api/venv/lib/python3.12/site-packages/django/utils/deprecation.py", line 131, in __call__
    response = self.process_response(request, response)
               ^^^^^^^^^^^^^^^^^^^^^^^^^^^^^^^^^^^^^^^^
  File "/home/prajjwal/Projects/PythonDjango/Lms_Api/venv/lib/python3.12/site-packages/django/middleware/common.py", line 108, in process_response
    return self.response_redirect_class(self.get_full_path_with_slash(request))
                                        ^^^^^^^^^^^^^^^^^^^^^^^^^^^^^^^^^^^^^^
  File "/home/prajjwal/Projects/PythonDjango/Lms_Api/venv/lib/python3.12/site-packages/django/middleware/common.py", line 87, in get_full_path_with_slash
    raise RuntimeError(
RuntimeError: You called this URL via PUT, but the URL doesn't end in a slash and you have APPEND_SLASH set. Django can't redirect to the slash URL while maintaining PUT data. Change your form to point to 127.0.0.1:8000/api/author/1/ (note the trailing slash), or set APPEND_SLASH=False in your Django settings.
"PUT /api/author/1 HTTP/1.1" 500 74693
"GET /api/author/ HTTP/1.1" 200 204
"GET /api/author/1/ HTTP/1.1" 200 67
Unauthorized: /api/author/1/
"PUT /api/author/1/ HTTP/1.1" 401 183
"PUT /api/author/1/ HTTP/1.1" 200 60
"POST /api/login/ HTTP/1.1" 200 594
"GET /api/dashboard/test/ HTTP/1.1" 200 217
"GET /api/overdue-borrowers/ HTTP/1.1" 200 329
"GET /api/author/ HTTP/1.1" 200 197
"GET /api/author/1/ HTTP/1.1" 200 60
"PUT /api/author/1/ HTTP/1.1" 200 60
"GET /api/author/ HTTP/1.1" 200 197
"GET /api/author/3/ HTTP/1.1" 200 68
"PUT /api/author/3/ HTTP/1.1" 200 68
"GET /api/author/ HTTP/1.1" 200 197
"GET /api/author/ HTTP/1.1" 200 197
Unauthorized: /api/book/
"GET /api/book/ HTTP/1.1" 401 183
Method Not Allowed: /api/book/
"GET /api/book/ HTTP/1.1" 405 40
/home/prajjwal/Projects/PythonDjango/Lms_Api/lms/book/views.py changed, reloading.
Watching for file changes with StatReloader
Watching for file changes with StatReloader
"GET /api/book/ HTTP/1.1" 200 258
"POST /api/login/ HTTP/1.1" 200 594
"GET /api/dashboard/test/ HTTP/1.1" 200 217
"GET /api/overdue-borrowers/ HTTP/1.1" 200 329
"POST /api/login/ HTTP/1.1" 200 594
"GET /api/dashboard/test/ HTTP/1.1" 200 217
"GET /api/overdue-borrowers/ HTTP/1.1" 200 329
Watching for file changes with StatReloader
"POST /api/login/ HTTP/1.1" 200 594
"GET /api/dashboard/test/ HTTP/1.1" 200 217
"GET /api/overdue-borrowers/ HTTP/1.1" 200 329
"POST /api/login/ HTTP/1.1" 200 594
"GET /api/dashboard/test/ HTTP/1.1" 200 217
"GET /api/overdue-borrowers/ HTTP/1.1" 200 329
"POST /api/login/ HTTP/1.1" 200 594
"GET /api/dashboard/test/ HTTP/1.1" 200 217
"GET /api/overdue-borrowers/ HTTP/1.1" 200 329
"GET /api/book/ HTTP/1.1" 200 258
Watching for file changes with StatReloader
Watching for file changes with StatReloader
"GET /api/author/ HTTP/1.1" 200 197
"GET /api/author/query=ma HTTP/1.1" 301 0
Internal Server Error: /api/author/query=ma/
Traceback (most recent call last):
  File "/home/prajjwal/Projects/PythonDjango/Lms_Api/venv/lib/python3.12/site-packages/django/db/models/fields/__init__.py", line 2123, in get_prep_value
    return int(value)
           ^^^^^^^^^^
ValueError: invalid literal for int() with base 10: 'query=ma'

The above exception was the direct cause of the following exception:

Traceback (most recent call last):
  File "/home/prajjwal/Projects/PythonDjango/Lms_Api/venv/lib/python3.12/site-packages/django/core/handlers/exception.py", line 55, in inner
    response = get_response(request)
               ^^^^^^^^^^^^^^^^^^^^^
  File "/home/prajjwal/Projects/PythonDjango/Lms_Api/venv/lib/python3.12/site-packages/django/core/handlers/base.py", line 197, in _get_response
    response = wrapped_callback(request, *callback_args, **callback_kwargs)
               ^^^^^^^^^^^^^^^^^^^^^^^^^^^^^^^^^^^^^^^^^^^^^^^^^^^^^^^^^^^^
  File "/home/prajjwal/Projects/PythonDjango/Lms_Api/venv/lib/python3.12/site-packages/django/views/decorators/csrf.py", line 65, in _view_wrapper
    return view_func(request, *args, **kwargs)
           ^^^^^^^^^^^^^^^^^^^^^^^^^^^^^^^^^^^
  File "/home/prajjwal/Projects/PythonDjango/Lms_Api/venv/lib/python3.12/site-packages/rest_framework/viewsets.py", line 124, in view
    return self.dispatch(request, *args, **kwargs)
           ^^^^^^^^^^^^^^^^^^^^^^^^^^^^^^^^^^^^^^^
  File "/home/prajjwal/Projects/PythonDjango/Lms_Api/venv/lib/python3.12/site-packages/rest_framework/views.py", line 509, in dispatch
    response = self.handle_exception(exc)
               ^^^^^^^^^^^^^^^^^^^^^^^^^^
  File "/home/prajjwal/Projects/PythonDjango/Lms_Api/venv/lib/python3.12/site-packages/rest_framework/views.py", line 469, in handle_exception
    self.raise_uncaught_exception(exc)
  File "/home/prajjwal/Projects/PythonDjango/Lms_Api/venv/lib/python3.12/site-packages/rest_framework/views.py", line 480, in raise_uncaught_exception
    raise exc
  File "/home/prajjwal/Projects/PythonDjango/Lms_Api/venv/lib/python3.12/site-packages/rest_framework/views.py", line 506, in dispatch
    response = handler(request, *args, **kwargs)
               ^^^^^^^^^^^^^^^^^^^^^^^^^^^^^^^^^
  File "/home/prajjwal/Projects/PythonDjango/Lms_Api/lms/author/views.py", line 35, in retrieve
    author = service.get_author_detail(pk)
             ^^^^^^^^^^^^^^^^^^^^^^^^^^^^^
  File "/home/prajjwal/Projects/PythonDjango/Lms_Api/lms/author/services.py", line 23, in get_author_detail
    author = self.repo.get_author_by_id(author_id)
             ^^^^^^^^^^^^^^^^^^^^^^^^^^^^^^^^^^^^^
  File "/home/prajjwal/Projects/PythonDjango/Lms_Api/lms/author/repositories.py", line 9, in get_author_by_id
    author = Author.objects.filter(author_id = author_id, is_deleted = False).first()
             ^^^^^^^^^^^^^^^^^^^^^^^^^^^^^^^^^^^^^^^^^^^^^^^^^^^^^^^^^^^^^^^^
  File "/home/prajjwal/Projects/PythonDjango/Lms_Api/venv/lib/python3.12/site-packages/django/db/models/manager.py", line 87, in manager_method
    return getattr(self.get_queryset(), name)(*args, **kwargs)
           ^^^^^^^^^^^^^^^^^^^^^^^^^^^^^^^^^^^^^^^^^^^^^^^^^^^
  File "/home/prajjwal/Projects/PythonDjango/Lms_Api/venv/lib/python3.12/site-packages/django/db/models/query.py", line 1476, in filter
    return self._filter_or_exclude(False, args, kwargs)
           ^^^^^^^^^^^^^^^^^^^^^^^^^^^^^^^^^^^^^^^^^^^^
  File "/home/prajjwal/Projects/PythonDjango/Lms_Api/venv/lib/python3.12/site-packages/django/db/models/query.py", line 1494, in _filter_or_exclude
    clone._filter_or_exclude_inplace(negate, args, kwargs)
  File "/home/prajjwal/Projects/PythonDjango/Lms_Api/venv/lib/python3.12/site-packages/django/db/models/query.py", line 1501, in _filter_or_exclude_inplace
    self._query.add_q(Q(*args, **kwargs))
  File "/home/prajjwal/Projects/PythonDjango/Lms_Api/venv/lib/python3.12/site-packages/django/db/models/sql/query.py", line 1609, in add_q
    clause, _ = self._add_q(q_object, self.used_aliases)
                ^^^^^^^^^^^^^^^^^^^^^^^^^^^^^^^^^^^^^^^^
  File "/home/prajjwal/Projects/PythonDjango/Lms_Api/venv/lib/python3.12/site-packages/django/db/models/sql/query.py", line 1641, in _add_q
    child_clause, needed_inner = self.build_filter(
                                 ^^^^^^^^^^^^^^^^^^
  File "/home/prajjwal/Projects/PythonDjango/Lms_Api/venv/lib/python3.12/site-packages/django/db/models/sql/query.py", line 1555, in build_filter
    condition = self.build_lookup(lookups, col, value)
                ^^^^^^^^^^^^^^^^^^^^^^^^^^^^^^^^^^^^^^
  File "/home/prajjwal/Projects/PythonDjango/Lms_Api/venv/lib/python3.12/site-packages/django/db/models/sql/query.py", line 1385, in build_lookup
    lookup = lookup_class(lhs, rhs)
             ^^^^^^^^^^^^^^^^^^^^^^
  File "/home/prajjwal/Projects/PythonDjango/Lms_Api/venv/lib/python3.12/site-packages/django/db/models/lookups.py", line 30, in __init__
    self.rhs = self.get_prep_lookup()
               ^^^^^^^^^^^^^^^^^^^^^^
  File "/home/prajjwal/Projects/PythonDjango/Lms_Api/venv/lib/python3.12/site-packages/django/db/models/lookups.py", line 369, in get_prep_lookup
    return super().get_prep_lookup()
           ^^^^^^^^^^^^^^^^^^^^^^^^^
  File "/home/prajjwal/Projects/PythonDjango/Lms_Api/venv/lib/python3.12/site-packages/django/db/models/lookups.py", line 88, in get_prep_lookup
    return self.lhs.output_field.get_prep_value(self.rhs)
           ^^^^^^^^^^^^^^^^^^^^^^^^^^^^^^^^^^^^^^^^^^^^^^
  File "/home/prajjwal/Projects/PythonDjango/Lms_Api/venv/lib/python3.12/site-packages/django/db/models/fields/__init__.py", line 2125, in get_prep_value
    raise e.__class__(
ValueError: Field 'author_id' expected a number but got 'query=ma'.
"GET /api/author/query%3Dma/ HTTP/1.1" 500 171058
"GET /api/author/?query=ma HTTP/1.1" 200 128
"POST /api/login/ HTTP/1.1" 200 594
"GET /api/dashboard/test/ HTTP/1.1" 200 217
"GET /api/overdue-borrowers/ HTTP/1.1" 200 329
"GET /api/book/ HTTP/1.1" 200 258
"GET /api/author/ HTTP/1.1" 200 197
"GET /api/author/1/ HTTP/1.1" 200 60
"PUT /api/author/1/ HTTP/1.1" 200 62
"GET /api/author/ HTTP/1.1" 200 199
"GET /api/book/ HTTP/1.1" 200 260
"GET /api/author/ HTTP/1.1" 200 199
"GET /api/author/?query=La HTTP/1.1" 200 64
"POST /api/login/ HTTP/1.1" 200 594
"GET /api/dashboard/test/ HTTP/1.1" 200 217
"GET /api/overdue-borrowers/ HTTP/1.1" 200 329
"GET /api/author/?query=m HTTP/1.1" 200 130
"GET /api/author/?query=ma HTTP/1.1" 200 67
"GET /api/author/?query=l HTTP/1.1" 200 130
"GET /api/author/?query=la HTTP/1.1" 200 64
"GET /api/author/?query=T HTTP/1.1" 200 133
"GET /api/author/?query=To HTTP/1.1" 200 70
"GET /api/author/?query=Ton HTTP/1.1" 200 70
Bad Request: /api/book/
"POST /api/book/ HTTP/1.1" 400 38
"GET /api/book/ HTTP/1.1" 200 260
"GET /api/author/?query=Tony%2520Ferguson HTTP/1.1" 200 2
"GET /api/author/?query=Tony%2520Ferguso HTTP/1.1" 200 2
"GET /api/author/?query=Tony%2520Fergus HTTP/1.1" 200 2
"GET /api/author/?query=Tony%2520Fergu HTTP/1.1" 200 2
"GET /api/author/?query=Tony%2520Ferg HTTP/1.1" 200 2
"GET /api/author/?query=Tony%2520Fe HTTP/1.1" 200 2
"GET /api/author/?query=Tony%2520Fer HTTP/1.1" 200 2
"GET /api/author/?query=Tony%2520 HTTP/1.1" 200 2
"GET /api/author/?query=Tony HTTP/1.1" 200 70
"GET /api/author/?query=Tony%2520F HTTP/1.1" 200 2
"GET /api/author/?query=Ton HTTP/1.1" 200 70
"GET /api/author/?query=To HTTP/1.1" 200 70
"GET /api/author/?query=T HTTP/1.1" 200 133
"GET /api/author/?query=T HTTP/1.1" 200 133
"GET /api/author/?query=To HTTP/1.1" 200 70
"GET /api/author/?query=Ton HTTP/1.1" 200 70
Bad Request: /api/book/
"POST /api/book/ HTTP/1.1" 400 38
"GET /api/author/?query=to HTTP/1.1" 200 70
"GET /api/author/?query=ton HTTP/1.1" 200 70
"GET /api/author/?query=t HTTP/1.1" 200 133
"GET /api/author/?query=t HTTP/1.1" 200 133
"GET /api/author/?query=to HTTP/1.1" 200 70
"GET /api/author/?query=ton HTTP/1.1" 200 70
"POST /api/login/ HTTP/1.1" 200 594
"GET /api/dashboard/test/ HTTP/1.1" 200 217
"GET /api/overdue-borrowers/ HTTP/1.1" 200 329
"GET /api/book/ HTTP/1.1" 200 260
"GET /api/author/?query=t HTTP/1.1" 200 133
"GET /api/author/?query=to HTTP/1.1" 200 70
"GET /api/author/?query=ton HTTP/1.1" 200 70
"GET /api/author/?query=t HTTP/1.1" 200 133
"GET /api/author/?query=to HTTP/1.1" 200 70
"POST /api/login/ HTTP/1.1" 200 594
"GET /api/dashboard/test/ HTTP/1.1" 200 217
"GET /api/overdue-borrowers/ HTTP/1.1" 200 329
"GET /api/author/?query=t HTTP/1.1" 200 133
"GET /api/author/?query=to HTTP/1.1" 200 70
"GET /api/author/?query=ton HTTP/1.1" 200 70
"GET /api/author/?query=t HTTP/1.1" 200 133
"GET /api/author/?query=to HTTP/1.1" 200 70
"GET /api/author/?query=ton HTTP/1.1" 200 70
"GET /api/author/?query=tony HTTP/1.1" 200 70
"GET /api/author/?query=tony%2520 HTTP/1.1" 200 2
"GET /api/author/?query=tony%2520f HTTP/1.1" 200 2
"GET /api/author/?query=tony%2520fe HTTP/1.1" 200 2
"GET /api/author/?query=tony%2520fer HTTP/1.1" 200 2
"GET /api/author/?query=tony%2520fe HTTP/1.1" 200 2
"GET /api/author/?query=tony%2520f HTTP/1.1" 200 2
"GET /api/author/?query=tony%2520 HTTP/1.1" 200 2
"GET /api/author/?query=tony HTTP/1.1" 200 70
"GET /api/author/?query=ton HTTP/1.1" 200 70
"GET /api/author/?query=to HTTP/1.1" 200 70
"GET /api/author/?query=t HTTP/1.1" 200 133
"GET /api/author/?query=t HTTP/1.1" 200 133
"GET /api/author/?query=to HTTP/1.1" 200 70
"GET /api/author/?query=ton HTTP/1.1" 200 70
"POST /api/login/ HTTP/1.1" 200 594
"GET /api/dashboard/test/ HTTP/1.1" 200 217
"GET /api/overdue-borrowers/ HTTP/1.1" 200 329
"GET /api/author/?query=t HTTP/1.1" 200 133
"GET /api/author/?query=to HTTP/1.1" 200 70
"GET /api/author/?query=ton HTTP/1.1" 200 70
"GET /api/author/?query=tony HTTP/1.1" 200 70
"POST /api/login/ HTTP/1.1" 200 594
"GET /api/dashboard/test/ HTTP/1.1" 200 217
"GET /api/overdue-borrowers/ HTTP/1.1" 200 329
"GET /api/book/ HTTP/1.1" 200 260
"GET /api/author/?query=Tony%2520Ferguson HTTP/1.1" 200 2
"GET /api/author/?query=Tony%2520Ferguso HTTP/1.1" 200 2
"GET /api/author/?query=Tony%2520Fergus HTTP/1.1" 200 2
"GET /api/author/?query=Tony%2520Fergu HTTP/1.1" 200 2
"GET /api/author/?query=Tony%2520 HTTP/1.1" 200 2
"GET /api/author/?query=Tony%2520Ferg HTTP/1.1" 200 2
"GET /api/author/?query=Tony%2520Fer HTTP/1.1" 200 2
"GET /api/author/?query=Tony%2520Fe HTTP/1.1" 200 2
"GET /api/author/?query=Tony%2520F HTTP/1.1" 200 2
"GET /api/author/?query=Tony HTTP/1.1" 200 70
"GET /api/author/?query=Ton HTTP/1.1" 200 70
"GET /api/author/?query=To HTTP/1.1" 200 70
"GET /api/author/?query=T HTTP/1.1" 200 133
"GET /api/author/?query=t HTTP/1.1" 200 133
"GET /api/author/?query=to HTTP/1.1" 200 70
"GET /api/author/?query=ton HTTP/1.1" 200 70
"GET /api/author/?query=tony HTTP/1.1" 200 70
"GET /api/author/?query=ton HTTP/1.1" 200 70
Bad Request: /api/book/
"POST /api/book/ HTTP/1.1" 400 38
"GET /api/author/?query=t HTTP/1.1" 200 133
"GET /api/author/?query=to HTTP/1.1" 200 70
"GET /api/author/?query=ton HTTP/1.1" 200 70
/home/prajjwal/Projects/PythonDjango/Lms_Api/lms/book/serializers.py changed, reloading.
Watching for file changes with StatReloader
Watching for file changes with StatReloader
Bad Request: /api/book/
"POST /api/book/ HTTP/1.1" 400 38
Watching for file changes with StatReloader
"POST /api/login/ HTTP/1.1" 200 594
"GET /api/dashboard/test/ HTTP/1.1" 200 217
"GET /api/overdue-borrowers/ HTTP/1.1" 200 329
"GET /api/author/ HTTP/1.1" 200 199
"GET /api/book/ HTTP/1.1" 200 260
"GET /api/author/?query=t HTTP/1.1" 200 133
"GET /api/author/?query=to HTTP/1.1" 200 70
"GET /api/author/?query=ton HTTP/1.1" 200 70
/home/prajjwal/Projects/PythonDjango/Lms_Api/lms/book/serializers.py changed, reloading.
Watching for file changes with StatReloader
/home/prajjwal/Projects/PythonDjango/Lms_Api/lms/book/serializers.py changed, reloading.
Watching for file changes with StatReloader
Watching for file changes with StatReloader
"POST /api/login/ HTTP/1.1" 200 594
"GET /api/dashboard/test/ HTTP/1.1" 200 217
"GET /api/overdue-borrowers/ HTTP/1.1" 200 329
"GET /api/book/ HTTP/1.1" 200 260
"GET /api/author/?query=Tony%2520Ferguson HTTP/1.1" 200 2
"GET /api/author/?query=t HTTP/1.1" 200 133
"GET /api/author/?query=to HTTP/1.1" 200 70
"GET /api/author/?query=ton HTTP/1.1" 200 70
Bad Request: /api/book/
"POST /api/book/ HTTP/1.1" 400 38
/home/prajjwal/Projects/PythonDjango/Lms_Api/lms/book/serializers.py changed, reloading.
Watching for file changes with StatReloader
/home/prajjwal/Projects/PythonDjango/Lms_Api/lms/book/serializers.py changed, reloading.
Watching for file changes with StatReloader
Watching for file changes with StatReloader
"POST /api/login/ HTTP/1.1" 200 594
"GET /api/dashboard/test/ HTTP/1.1" 200 217
"GET /api/overdue-borrowers/ HTTP/1.1" 200 329
"GET /api/book/ HTTP/1.1" 200 260
"GET /api/author/?query=t HTTP/1.1" 200 133
"POST /api/book/ HTTP/1.1" 201 76
"GET /api/book/ HTTP/1.1" 200 395
"GET /api/book/5/ HTTP/1.1" 200 134
"PUT /api/book/5/ HTTP/1.1" 200 77
"GET /api/book/ HTTP/1.1" 200 396
"DELETE /api/book/5/ HTTP/1.1" 204 39
"GET /api/book/ HTTP/1.1" 200 260
"GET /api/author/?query=Tony%2520Ferguson HTTP/1.1" 200 2
"GET /api/author/?query=t HTTP/1.1" 200 133
"GET /api/author/?query=to HTTP/1.1" 200 70
"GET /api/author/?query=ton HTTP/1.1" 200 70
Bad Request: /api/book/
"POST /api/book/ HTTP/1.1" 400 48
"GET /api/book/ HTTP/1.1" 200 260
"GET /api/author/?query=t HTTP/1.1" 200 133
"GET /api/author/?query=tn HTTP/1.1" 200 2
"GET /api/author/?query=t HTTP/1.1" 200 133
"POST /api/book/ HTTP/1.1" 201 83
"GET /api/book/ HTTP/1.1" 200 402
Method Not Allowed: /api/bookcopy/
"GET /api/bookcopy/ HTTP/1.1" 405 40
"POST /api/login/ HTTP/1.1" 200 594
/home/prajjwal/Projects/PythonDjango/Lms_Api/lms/bookcopy/views.py changed, reloading.
Watching for file changes with StatReloader
"GET /api/bookcopy/ HTTP/1.1" 200 264
/home/prajjwal/Projects/PythonDjango/Lms_Api/lms/bookcopy/views.py changed, reloading.
Watching for file changes with StatReloader
/home/prajjwal/Projects/PythonDjango/Lms_Api/lms/bookcopy/views.py changed, reloading.
Watching for file changes with StatReloader
Watching for file changes with StatReloader
Internal Server Error: /api/bookcopy/
Traceback (most recent call last):
  File "/home/prajjwal/Projects/PythonDjango/Lms_Api/venv/lib/python3.12/site-packages/django/core/handlers/exception.py", line 55, in inner
    response = get_response(request)
               ^^^^^^^^^^^^^^^^^^^^^
  File "/home/prajjwal/Projects/PythonDjango/Lms_Api/venv/lib/python3.12/site-packages/django/core/handlers/base.py", line 197, in _get_response
    response = wrapped_callback(request, *callback_args, **callback_kwargs)
               ^^^^^^^^^^^^^^^^^^^^^^^^^^^^^^^^^^^^^^^^^^^^^^^^^^^^^^^^^^^^
  File "/home/prajjwal/Projects/PythonDjango/Lms_Api/venv/lib/python3.12/site-packages/django/views/decorators/csrf.py", line 65, in _view_wrapper
    return view_func(request, *args, **kwargs)
           ^^^^^^^^^^^^^^^^^^^^^^^^^^^^^^^^^^^
  File "/home/prajjwal/Projects/PythonDjango/Lms_Api/venv/lib/python3.12/site-packages/rest_framework/viewsets.py", line 124, in view
    return self.dispatch(request, *args, **kwargs)
           ^^^^^^^^^^^^^^^^^^^^^^^^^^^^^^^^^^^^^^^
  File "/home/prajjwal/Projects/PythonDjango/Lms_Api/venv/lib/python3.12/site-packages/rest_framework/views.py", line 509, in dispatch
    response = self.handle_exception(exc)
               ^^^^^^^^^^^^^^^^^^^^^^^^^^
  File "/home/prajjwal/Projects/PythonDjango/Lms_Api/venv/lib/python3.12/site-packages/rest_framework/views.py", line 469, in handle_exception
    self.raise_uncaught_exception(exc)
  File "/home/prajjwal/Projects/PythonDjango/Lms_Api/venv/lib/python3.12/site-packages/rest_framework/views.py", line 480, in raise_uncaught_exception
    raise exc
  File "/home/prajjwal/Projects/PythonDjango/Lms_Api/venv/lib/python3.12/site-packages/rest_framework/views.py", line 506, in dispatch
    response = handler(request, *args, **kwargs)
               ^^^^^^^^^^^^^^^^^^^^^^^^^^^^^^^^^
  File "/home/prajjwal/Projects/PythonDjango/Lms_Api/lms/bookcopy/views.py", line 42, in list
    return Response(BookCopyResponse(book_copies, many=True).data)
                    ^^^^^^^^^^^^^^^^^^^^^^^^^^^^^^^^^^^^^^^^^^^^^
  File "/home/prajjwal/Projects/PythonDjango/Lms_Api/venv/lib/python3.12/site-packages/rest_framework/serializers.py", line 795, in data
    ret = super().data
          ^^^^^^^^^^^^
  File "/home/prajjwal/Projects/PythonDjango/Lms_Api/venv/lib/python3.12/site-packages/rest_framework/serializers.py", line 249, in data
    self._data = self.to_representation(self.instance)
                 ^^^^^^^^^^^^^^^^^^^^^^^^^^^^^^^^^^^^^
  File "/home/prajjwal/Projects/PythonDjango/Lms_Api/venv/lib/python3.12/site-packages/rest_framework/serializers.py", line 714, in to_representation
    self.child.to_representation(item) for item in iterable
    ^^^^^^^^^^^^^^^^^^^^^^^^^^^^^^^^^^
  File "/home/prajjwal/Projects/PythonDjango/Lms_Api/venv/lib/python3.12/site-packages/rest_framework/serializers.py", line 523, in to_representation
    for field in fields:
  File "/home/prajjwal/Projects/PythonDjango/Lms_Api/venv/lib/python3.12/site-packages/rest_framework/serializers.py", line 384, in _readable_fields
    for field in self.fields.values():
                 ^^^^^^^^^^^
  File "/home/prajjwal/Projects/PythonDjango/Lms_Api/venv/lib/python3.12/site-packages/django/utils/functional.py", line 47, in __get__
    res = instance.__dict__[self.name] = self.func(instance)
                                         ^^^^^^^^^^^^^^^^^^^
  File "/home/prajjwal/Projects/PythonDjango/Lms_Api/venv/lib/python3.12/site-packages/rest_framework/serializers.py", line 372, in fields
    for key, value in self.get_fields().items():
                      ^^^^^^^^^^^^^^^^^
  File "/home/prajjwal/Projects/PythonDjango/Lms_Api/venv/lib/python3.12/site-packages/rest_framework/serializers.py", line 1054, in get_fields
    assert hasattr(self, 'Meta'), (
           ^^^^^^^^^^^^^^^^^^^^^
AssertionError: Class BookCopyResponse missing "Meta" attribute
"GET /api/bookcopy/ HTTP/1.1" 500 132099
/home/prajjwal/Projects/PythonDjango/Lms_Api/lms/bookcopy/serializers.py changed, reloading.
Watching for file changes with StatReloader
/home/prajjwal/Projects/PythonDjango/Lms_Api/lms/bookcopy/serializers.py changed, reloading.
Watching for file changes with StatReloader
"GET /api/bookcopy/ HTTP/1.1" 200 165
/home/prajjwal/Projects/PythonDjango/Lms_Api/lms/bookcopy/serializers.py changed, reloading.
Watching for file changes with StatReloader
"POST /api/login/ HTTP/1.1" 200 594
"GET /api/dashboard/test/ HTTP/1.1" 200 217
"GET /api/overdue-borrowers/ HTTP/1.1" 200 329
Internal Server Error: /api/bookcopy/
Traceback (most recent call last):
  File "/home/prajjwal/Projects/PythonDjango/Lms_Api/venv/lib/python3.12/site-packages/django/core/handlers/exception.py", line 55, in inner
    response = get_response(request)
               ^^^^^^^^^^^^^^^^^^^^^
  File "/home/prajjwal/Projects/PythonDjango/Lms_Api/venv/lib/python3.12/site-packages/django/core/handlers/base.py", line 197, in _get_response
    response = wrapped_callback(request, *callback_args, **callback_kwargs)
               ^^^^^^^^^^^^^^^^^^^^^^^^^^^^^^^^^^^^^^^^^^^^^^^^^^^^^^^^^^^^
  File "/home/prajjwal/Projects/PythonDjango/Lms_Api/venv/lib/python3.12/site-packages/django/views/decorators/csrf.py", line 65, in _view_wrapper
    return view_func(request, *args, **kwargs)
           ^^^^^^^^^^^^^^^^^^^^^^^^^^^^^^^^^^^
  File "/home/prajjwal/Projects/PythonDjango/Lms_Api/venv/lib/python3.12/site-packages/rest_framework/viewsets.py", line 124, in view
    return self.dispatch(request, *args, **kwargs)
           ^^^^^^^^^^^^^^^^^^^^^^^^^^^^^^^^^^^^^^^
  File "/home/prajjwal/Projects/PythonDjango/Lms_Api/venv/lib/python3.12/site-packages/rest_framework/views.py", line 509, in dispatch
    response = self.handle_exception(exc)
               ^^^^^^^^^^^^^^^^^^^^^^^^^^
  File "/home/prajjwal/Projects/PythonDjango/Lms_Api/venv/lib/python3.12/site-packages/rest_framework/views.py", line 469, in handle_exception
    self.raise_uncaught_exception(exc)
  File "/home/prajjwal/Projects/PythonDjango/Lms_Api/venv/lib/python3.12/site-packages/rest_framework/views.py", line 480, in raise_uncaught_exception
    raise exc
  File "/home/prajjwal/Projects/PythonDjango/Lms_Api/venv/lib/python3.12/site-packages/rest_framework/views.py", line 506, in dispatch
    response = handler(request, *args, **kwargs)
               ^^^^^^^^^^^^^^^^^^^^^^^^^^^^^^^^^
  File "/home/prajjwal/Projects/PythonDjango/Lms_Api/lms/bookcopy/views.py", line 42, in list
    return Response(BookCopyResponse(book_copies, many=True).data)
                    ^^^^^^^^^^^^^^^^^^^^^^^^^^^^^^^^^^^^^^^^^^^^^
  File "/home/prajjwal/Projects/PythonDjango/Lms_Api/venv/lib/python3.12/site-packages/rest_framework/serializers.py", line 795, in data
    ret = super().data
          ^^^^^^^^^^^^
  File "/home/prajjwal/Projects/PythonDjango/Lms_Api/venv/lib/python3.12/site-packages/rest_framework/serializers.py", line 249, in data
    self._data = self.to_representation(self.instance)
                 ^^^^^^^^^^^^^^^^^^^^^^^^^^^^^^^^^^^^^
  File "/home/prajjwal/Projects/PythonDjango/Lms_Api/venv/lib/python3.12/site-packages/rest_framework/serializers.py", line 714, in to_representation
    self.child.to_representation(item) for item in iterable
    ^^^^^^^^^^^^^^^^^^^^^^^^^^^^^^^^^^
  File "/home/prajjwal/Projects/PythonDjango/Lms_Api/venv/lib/python3.12/site-packages/rest_framework/serializers.py", line 523, in to_representation
    for field in fields:
  File "/home/prajjwal/Projects/PythonDjango/Lms_Api/venv/lib/python3.12/site-packages/rest_framework/serializers.py", line 384, in _readable_fields
    for field in self.fields.values():
                 ^^^^^^^^^^^
  File "/home/prajjwal/Projects/PythonDjango/Lms_Api/venv/lib/python3.12/site-packages/django/utils/functional.py", line 47, in __get__
    res = instance.__dict__[self.name] = self.func(instance)
                                         ^^^^^^^^^^^^^^^^^^^
  File "/home/prajjwal/Projects/PythonDjango/Lms_Api/venv/lib/python3.12/site-packages/rest_framework/serializers.py", line 372, in fields
    for key, value in self.get_fields().items():
                      ^^^^^^^^^^^^^^^^^
  File "/home/prajjwal/Projects/PythonDjango/Lms_Api/venv/lib/python3.12/site-packages/rest_framework/serializers.py", line 1079, in get_fields
    field_names = self.get_field_names(declared_fields, info)
                  ^^^^^^^^^^^^^^^^^^^^^^^^^^^^^^^^^^^^^^^^^^^
  File "/home/prajjwal/Projects/PythonDjango/Lms_Api/venv/lib/python3.12/site-packages/rest_framework/serializers.py", line 1175, in get_field_names
    assert field_name in fields, (
           ^^^^^^^^^^^^^^^^^^^^
AssertionError: The field 'book_id' was declared on serializer BookCopyResponse, but has not been included in the 'fields' option.
"GET /api/bookcopy/ HTTP/1.1" 500 143494
"POST /api/login/ HTTP/1.1" 200 594
"GET /api/dashboard/test/ HTTP/1.1" 200 217
"GET /api/overdue-borrowers/ HTTP/1.1" 200 329
Internal Server Error: /api/bookcopy/
Traceback (most recent call last):
  File "/home/prajjwal/Projects/PythonDjango/Lms_Api/venv/lib/python3.12/site-packages/django/core/handlers/exception.py", line 55, in inner
    response = get_response(request)
               ^^^^^^^^^^^^^^^^^^^^^
  File "/home/prajjwal/Projects/PythonDjango/Lms_Api/venv/lib/python3.12/site-packages/django/core/handlers/base.py", line 197, in _get_response
    response = wrapped_callback(request, *callback_args, **callback_kwargs)
               ^^^^^^^^^^^^^^^^^^^^^^^^^^^^^^^^^^^^^^^^^^^^^^^^^^^^^^^^^^^^
  File "/home/prajjwal/Projects/PythonDjango/Lms_Api/venv/lib/python3.12/site-packages/django/views/decorators/csrf.py", line 65, in _view_wrapper
    return view_func(request, *args, **kwargs)
           ^^^^^^^^^^^^^^^^^^^^^^^^^^^^^^^^^^^
  File "/home/prajjwal/Projects/PythonDjango/Lms_Api/venv/lib/python3.12/site-packages/rest_framework/viewsets.py", line 124, in view
    return self.dispatch(request, *args, **kwargs)
           ^^^^^^^^^^^^^^^^^^^^^^^^^^^^^^^^^^^^^^^
  File "/home/prajjwal/Projects/PythonDjango/Lms_Api/venv/lib/python3.12/site-packages/rest_framework/views.py", line 509, in dispatch
    response = self.handle_exception(exc)
               ^^^^^^^^^^^^^^^^^^^^^^^^^^
  File "/home/prajjwal/Projects/PythonDjango/Lms_Api/venv/lib/python3.12/site-packages/rest_framework/views.py", line 469, in handle_exception
    self.raise_uncaught_exception(exc)
  File "/home/prajjwal/Projects/PythonDjango/Lms_Api/venv/lib/python3.12/site-packages/rest_framework/views.py", line 480, in raise_uncaught_exception
    raise exc
  File "/home/prajjwal/Projects/PythonDjango/Lms_Api/venv/lib/python3.12/site-packages/rest_framework/views.py", line 506, in dispatch
    response = handler(request, *args, **kwargs)
               ^^^^^^^^^^^^^^^^^^^^^^^^^^^^^^^^^
  File "/home/prajjwal/Projects/PythonDjango/Lms_Api/lms/bookcopy/views.py", line 42, in list
    return Response(BookCopyResponse(book_copies, many=True).data)
                    ^^^^^^^^^^^^^^^^^^^^^^^^^^^^^^^^^^^^^^^^^^^^^
  File "/home/prajjwal/Projects/PythonDjango/Lms_Api/venv/lib/python3.12/site-packages/rest_framework/serializers.py", line 795, in data
    ret = super().data
          ^^^^^^^^^^^^
  File "/home/prajjwal/Projects/PythonDjango/Lms_Api/venv/lib/python3.12/site-packages/rest_framework/serializers.py", line 249, in data
    self._data = self.to_representation(self.instance)
                 ^^^^^^^^^^^^^^^^^^^^^^^^^^^^^^^^^^^^^
  File "/home/prajjwal/Projects/PythonDjango/Lms_Api/venv/lib/python3.12/site-packages/rest_framework/serializers.py", line 714, in to_representation
    self.child.to_representation(item) for item in iterable
    ^^^^^^^^^^^^^^^^^^^^^^^^^^^^^^^^^^
  File "/home/prajjwal/Projects/PythonDjango/Lms_Api/venv/lib/python3.12/site-packages/rest_framework/serializers.py", line 523, in to_representation
    for field in fields:
  File "/home/prajjwal/Projects/PythonDjango/Lms_Api/venv/lib/python3.12/site-packages/rest_framework/serializers.py", line 384, in _readable_fields
    for field in self.fields.values():
                 ^^^^^^^^^^^
  File "/home/prajjwal/Projects/PythonDjango/Lms_Api/venv/lib/python3.12/site-packages/django/utils/functional.py", line 47, in __get__
    res = instance.__dict__[self.name] = self.func(instance)
                                         ^^^^^^^^^^^^^^^^^^^
  File "/home/prajjwal/Projects/PythonDjango/Lms_Api/venv/lib/python3.12/site-packages/rest_framework/serializers.py", line 372, in fields
    for key, value in self.get_fields().items():
                      ^^^^^^^^^^^^^^^^^
  File "/home/prajjwal/Projects/PythonDjango/Lms_Api/venv/lib/python3.12/site-packages/rest_framework/serializers.py", line 1079, in get_fields
    field_names = self.get_field_names(declared_fields, info)
                  ^^^^^^^^^^^^^^^^^^^^^^^^^^^^^^^^^^^^^^^^^^^
  File "/home/prajjwal/Projects/PythonDjango/Lms_Api/venv/lib/python3.12/site-packages/rest_framework/serializers.py", line 1175, in get_field_names
    assert field_name in fields, (
           ^^^^^^^^^^^^^^^^^^^^
AssertionError: The field 'book_id' was declared on serializer BookCopyResponse, but has not been included in the 'fields' option.
"GET /api/bookcopy/ HTTP/1.1" 500 143834
/home/prajjwal/Projects/PythonDjango/Lms_Api/lms/bookcopy/serializers.py changed, reloading.
Watching for file changes with StatReloader
"POST /api/login/ HTTP/1.1" 200 594
"GET /api/dashboard/test/ HTTP/1.1" 200 217
"GET /api/overdue-borrowers/ HTTP/1.1" 200 329
"GET /api/bookcopy/ HTTP/1.1" 200 171
"GET /api/bookcopy/ HTTP/1.1" 200 171
"POST /api/login/ HTTP/1.1" 200 594
"GET /api/dashboard/test/ HTTP/1.1" 200 217
"GET /api/overdue-borrowers/ HTTP/1.1" 200 329
"GET /api/bookcopy/ HTTP/1.1" 200 171
"GET /api/book/ HTTP/1.1" 200 402
Watching for file changes with StatReloader
Internal Server Error: /api/book/
Traceback (most recent call last):
  File "/home/prajjwal/Projects/PythonDjango/Lms_Api/venv/lib/python3.12/site-packages/django/core/handlers/exception.py", line 55, in inner
    response = get_response(request)
               ^^^^^^^^^^^^^^^^^^^^^
  File "/home/prajjwal/Projects/PythonDjango/Lms_Api/venv/lib/python3.12/site-packages/django/core/handlers/base.py", line 197, in _get_response
    response = wrapped_callback(request, *callback_args, **callback_kwargs)
               ^^^^^^^^^^^^^^^^^^^^^^^^^^^^^^^^^^^^^^^^^^^^^^^^^^^^^^^^^^^^
  File "/home/prajjwal/Projects/PythonDjango/Lms_Api/venv/lib/python3.12/site-packages/django/views/decorators/csrf.py", line 65, in _view_wrapper
    return view_func(request, *args, **kwargs)
           ^^^^^^^^^^^^^^^^^^^^^^^^^^^^^^^^^^^
  File "/home/prajjwal/Projects/PythonDjango/Lms_Api/venv/lib/python3.12/site-packages/rest_framework/viewsets.py", line 124, in view
    return self.dispatch(request, *args, **kwargs)
           ^^^^^^^^^^^^^^^^^^^^^^^^^^^^^^^^^^^^^^^
  File "/home/prajjwal/Projects/PythonDjango/Lms_Api/venv/lib/python3.12/site-packages/rest_framework/views.py", line 509, in dispatch
    response = self.handle_exception(exc)
               ^^^^^^^^^^^^^^^^^^^^^^^^^^
  File "/home/prajjwal/Projects/PythonDjango/Lms_Api/venv/lib/python3.12/site-packages/rest_framework/views.py", line 469, in handle_exception
    self.raise_uncaught_exception(exc)
  File "/home/prajjwal/Projects/PythonDjango/Lms_Api/venv/lib/python3.12/site-packages/rest_framework/views.py", line 480, in raise_uncaught_exception
    raise exc
  File "/home/prajjwal/Projects/PythonDjango/Lms_Api/venv/lib/python3.12/site-packages/rest_framework/views.py", line 506, in dispatch
    response = handler(request, *args, **kwargs)
               ^^^^^^^^^^^^^^^^^^^^^^^^^^^^^^^^^
  File "/home/prajjwal/Projects/PythonDjango/Lms_Api/lms/book/views.py", line 44, in list
    books = service.list_books(query)
            ^^^^^^^^^^^^^^^^^^^^^^^^^
  File "/home/prajjwal/Projects/PythonDjango/Lms_Api/lms/book/services.py", line 36, in list_books
    return self.repo.get_all_books(query)
           ^^^^^^^^^^^^^^^^^^^^^^^^^^^^^^
  File "/home/prajjwal/Projects/PythonDjango/Lms_Api/lms/book/repositories.py", line 15, in get_all_books
    books = Book.objects.filter(Q(title__icontains=query) )
                                ^
NameError: name 'Q' is not defined
"GET /api/book/?query=mu HTTP/1.1" 500 105512
/home/prajjwal/Projects/PythonDjango/Lms_Api/lms/book/repositories.py changed, reloading.
Watching for file changes with StatReloader
"GET /api/book/?query=mu HTTP/1.1" 200 132
"POST /api/login/ HTTP/1.1" 200 594
"GET /api/dashboard/test/ HTTP/1.1" 200 217
"GET /api/overdue-borrowers/ HTTP/1.1" 200 329
"GET /api/book/?query=m HTTP/1.1" 200 260
"GET /api/book/?query=mu HTTP/1.1" 200 132
"GET /api/book/?query=m HTTP/1.1" 200 260
"GET /api/book/?query=s HTTP/1.1" 200 137
"GET /api/book/?query=c HTTP/1.1" 200 279
"GET /api/book/?query=co HTTP/1.1" 200 137
"GET /api/book/?query=coo HTTP/1.1" 200 137
Bad Request: /api/bookcopy/
"POST /api/bookcopy/ HTTP/1.1" 400 74
code 400, message Bad request syntax ('2F')
"2F" 400 -
"GET /api/book/?query=c HTTP/1.1" 200 279
"POST /api/login/ HTTP/1.1" 200 594
"GET /api/dashboard/test/ HTTP/1.1" 200 217
"GET /api/overdue-borrowers/ HTTP/1.1" 200 329
"GET /api/book/?query=c HTTP/1.1" 200 279
Bad Request: /api/bookcopy/
"POST /api/bookcopy/ HTTP/1.1" 400 74
code 400, message Bad request syntax ('2E')
"2E" 400 -
Unauthorized: /api/bookcopy/
"POST /api/bookcopy/ HTTP/1.1" 401 183
Internal Server Error: /api/bookcopy/
Traceback (most recent call last):
  File "/home/prajjwal/Projects/PythonDjango/Lms_Api/venv/lib/python3.12/site-packages/rest_framework/fields.py", line 437, in get_attribute
    return get_attribute(instance, self.source_attrs)
           ^^^^^^^^^^^^^^^^^^^^^^^^^^^^^^^^^^^^^^^^^^
  File "/home/prajjwal/Projects/PythonDjango/Lms_Api/venv/lib/python3.12/site-packages/rest_framework/fields.py", line 102, in get_attribute
    instance = instance[attr]
               ~~~~~~~~^^^^^^
KeyError: 'barcode'

During handling of the above exception, another exception occurred:

Traceback (most recent call last):
  File "/home/prajjwal/Projects/PythonDjango/Lms_Api/venv/lib/python3.12/site-packages/django/core/handlers/exception.py", line 55, in inner
    response = get_response(request)
               ^^^^^^^^^^^^^^^^^^^^^
  File "/home/prajjwal/Projects/PythonDjango/Lms_Api/venv/lib/python3.12/site-packages/django/core/handlers/base.py", line 197, in _get_response
    response = wrapped_callback(request, *callback_args, **callback_kwargs)
               ^^^^^^^^^^^^^^^^^^^^^^^^^^^^^^^^^^^^^^^^^^^^^^^^^^^^^^^^^^^^
  File "/home/prajjwal/Projects/PythonDjango/Lms_Api/venv/lib/python3.12/site-packages/django/views/decorators/csrf.py", line 65, in _view_wrapper
    return view_func(request, *args, **kwargs)
           ^^^^^^^^^^^^^^^^^^^^^^^^^^^^^^^^^^^
  File "/home/prajjwal/Projects/PythonDjango/Lms_Api/venv/lib/python3.12/site-packages/rest_framework/viewsets.py", line 124, in view
    return self.dispatch(request, *args, **kwargs)
           ^^^^^^^^^^^^^^^^^^^^^^^^^^^^^^^^^^^^^^^
  File "/home/prajjwal/Projects/PythonDjango/Lms_Api/venv/lib/python3.12/site-packages/rest_framework/views.py", line 509, in dispatch
    response = self.handle_exception(exc)
               ^^^^^^^^^^^^^^^^^^^^^^^^^^
  File "/home/prajjwal/Projects/PythonDjango/Lms_Api/venv/lib/python3.12/site-packages/rest_framework/views.py", line 469, in handle_exception
    self.raise_uncaught_exception(exc)
  File "/home/prajjwal/Projects/PythonDjango/Lms_Api/venv/lib/python3.12/site-packages/rest_framework/views.py", line 480, in raise_uncaught_exception
    raise exc
  File "/home/prajjwal/Projects/PythonDjango/Lms_Api/venv/lib/python3.12/site-packages/rest_framework/views.py", line 506, in dispatch
    response = handler(request, *args, **kwargs)
               ^^^^^^^^^^^^^^^^^^^^^^^^^^^^^^^^^
  File "/home/prajjwal/Projects/PythonDjango/Lms_Api/lms/bookcopy/views.py", line 25, in create
    return Response(BookCopySerializer(book_copy).data, status=status.HTTP_201_CREATED)
                    ^^^^^^^^^^^^^^^^^^^^^^^^^^^^^^^^^^
  File "/home/prajjwal/Projects/PythonDjango/Lms_Api/venv/lib/python3.12/site-packages/rest_framework/serializers.py", line 571, in data
    ret = super().data
          ^^^^^^^^^^^^
  File "/home/prajjwal/Projects/PythonDjango/Lms_Api/venv/lib/python3.12/site-packages/rest_framework/serializers.py", line 249, in data
    self._data = self.to_representation(self.instance)
                 ^^^^^^^^^^^^^^^^^^^^^^^^^^^^^^^^^^^^^
  File "/home/prajjwal/Projects/PythonDjango/Lms_Api/venv/lib/python3.12/site-packages/rest_framework/serializers.py", line 525, in to_representation
    attribute = field.get_attribute(instance)
                ^^^^^^^^^^^^^^^^^^^^^^^^^^^^^
  File "/home/prajjwal/Projects/PythonDjango/Lms_Api/venv/lib/python3.12/site-packages/rest_framework/fields.py", line 470, in get_attribute
    raise type(exc)(msg)
KeyError: "Got KeyError when attempting to get a value for field `barcode` on serializer `BookCopySerializer`.\nThe serializer field might be named incorrectly and not match any attribute or key on the `dict` instance.\nOriginal exception text was: 'barcode'."
"POST /api/bookcopy/ HTTP/1.1" 500 128376
Internal Server Error: /api/bookcopy/
Traceback (most recent call last):
  File "/home/prajjwal/Projects/PythonDjango/Lms_Api/venv/lib/python3.12/site-packages/rest_framework/fields.py", line 437, in get_attribute
    return get_attribute(instance, self.source_attrs)
           ^^^^^^^^^^^^^^^^^^^^^^^^^^^^^^^^^^^^^^^^^^
  File "/home/prajjwal/Projects/PythonDjango/Lms_Api/venv/lib/python3.12/site-packages/rest_framework/fields.py", line 102, in get_attribute
    instance = instance[attr]
               ~~~~~~~~^^^^^^
KeyError: 'barcode'

During handling of the above exception, another exception occurred:

Traceback (most recent call last):
  File "/home/prajjwal/Projects/PythonDjango/Lms_Api/venv/lib/python3.12/site-packages/django/core/handlers/exception.py", line 55, in inner
    response = get_response(request)
               ^^^^^^^^^^^^^^^^^^^^^
  File "/home/prajjwal/Projects/PythonDjango/Lms_Api/venv/lib/python3.12/site-packages/django/core/handlers/base.py", line 197, in _get_response
    response = wrapped_callback(request, *callback_args, **callback_kwargs)
               ^^^^^^^^^^^^^^^^^^^^^^^^^^^^^^^^^^^^^^^^^^^^^^^^^^^^^^^^^^^^
  File "/home/prajjwal/Projects/PythonDjango/Lms_Api/venv/lib/python3.12/site-packages/django/views/decorators/csrf.py", line 65, in _view_wrapper
    return view_func(request, *args, **kwargs)
           ^^^^^^^^^^^^^^^^^^^^^^^^^^^^^^^^^^^
  File "/home/prajjwal/Projects/PythonDjango/Lms_Api/venv/lib/python3.12/site-packages/rest_framework/viewsets.py", line 124, in view
    return self.dispatch(request, *args, **kwargs)
           ^^^^^^^^^^^^^^^^^^^^^^^^^^^^^^^^^^^^^^^
  File "/home/prajjwal/Projects/PythonDjango/Lms_Api/venv/lib/python3.12/site-packages/rest_framework/views.py", line 509, in dispatch
    response = self.handle_exception(exc)
               ^^^^^^^^^^^^^^^^^^^^^^^^^^
  File "/home/prajjwal/Projects/PythonDjango/Lms_Api/venv/lib/python3.12/site-packages/rest_framework/views.py", line 469, in handle_exception
    self.raise_uncaught_exception(exc)
  File "/home/prajjwal/Projects/PythonDjango/Lms_Api/venv/lib/python3.12/site-packages/rest_framework/views.py", line 480, in raise_uncaught_exception
    raise exc
  File "/home/prajjwal/Projects/PythonDjango/Lms_Api/venv/lib/python3.12/site-packages/rest_framework/views.py", line 506, in dispatch
    response = handler(request, *args, **kwargs)
               ^^^^^^^^^^^^^^^^^^^^^^^^^^^^^^^^^
  File "/home/prajjwal/Projects/PythonDjango/Lms_Api/lms/bookcopy/views.py", line 25, in create
    return Response(BookCopySerializer(book_copy).data, status=status.HTTP_201_CREATED)
                    ^^^^^^^^^^^^^^^^^^^^^^^^^^^^^^^^^^
  File "/home/prajjwal/Projects/PythonDjango/Lms_Api/venv/lib/python3.12/site-packages/rest_framework/serializers.py", line 571, in data
    ret = super().data
          ^^^^^^^^^^^^
  File "/home/prajjwal/Projects/PythonDjango/Lms_Api/venv/lib/python3.12/site-packages/rest_framework/serializers.py", line 249, in data
    self._data = self.to_representation(self.instance)
                 ^^^^^^^^^^^^^^^^^^^^^^^^^^^^^^^^^^^^^
  File "/home/prajjwal/Projects/PythonDjango/Lms_Api/venv/lib/python3.12/site-packages/rest_framework/serializers.py", line 525, in to_representation
    attribute = field.get_attribute(instance)
                ^^^^^^^^^^^^^^^^^^^^^^^^^^^^^
  File "/home/prajjwal/Projects/PythonDjango/Lms_Api/venv/lib/python3.12/site-packages/rest_framework/fields.py", line 470, in get_attribute
    raise type(exc)(msg)
KeyError: "Got KeyError when attempting to get a value for field `barcode` on serializer `BookCopySerializer`.\nThe serializer field might be named incorrectly and not match any attribute or key on the `dict` instance.\nOriginal exception text was: 'barcode'."
"POST /api/bookcopy/ HTTP/1.1" 500 129144
/home/prajjwal/Projects/PythonDjango/Lms_Api/lms/bookcopy/views.py changed, reloading.
Watching for file changes with StatReloader
Watching for file changes with StatReloader
"POST /api/bookcopy/ HTTP/1.1" 201 26
/home/prajjwal/Projects/PythonDjango/Lms_Api/lms/bookcopy/services.py changed, reloading.
Watching for file changes with StatReloader
Internal Server Error: /api/bookcopy/
Traceback (most recent call last):
  File "/home/prajjwal/Projects/PythonDjango/Lms_Api/venv/lib/python3.12/site-packages/django/db/models/fields/__init__.py", line 2123, in get_prep_value
    return int(value)
           ^^^^^^^^^^
TypeError: int() argument must be a string, a bytes-like object or a real number, not 'Book'

The above exception was the direct cause of the following exception:

Traceback (most recent call last):
  File "/home/prajjwal/Projects/PythonDjango/Lms_Api/venv/lib/python3.12/site-packages/django/core/handlers/exception.py", line 55, in inner
    response = get_response(request)
               ^^^^^^^^^^^^^^^^^^^^^
  File "/home/prajjwal/Projects/PythonDjango/Lms_Api/venv/lib/python3.12/site-packages/django/core/handlers/base.py", line 197, in _get_response
    response = wrapped_callback(request, *callback_args, **callback_kwargs)
               ^^^^^^^^^^^^^^^^^^^^^^^^^^^^^^^^^^^^^^^^^^^^^^^^^^^^^^^^^^^^
  File "/home/prajjwal/Projects/PythonDjango/Lms_Api/venv/lib/python3.12/site-packages/django/views/decorators/csrf.py", line 65, in _view_wrapper
    return view_func(request, *args, **kwargs)
           ^^^^^^^^^^^^^^^^^^^^^^^^^^^^^^^^^^^
  File "/home/prajjwal/Projects/PythonDjango/Lms_Api/venv/lib/python3.12/site-packages/rest_framework/viewsets.py", line 124, in view
    return self.dispatch(request, *args, **kwargs)
           ^^^^^^^^^^^^^^^^^^^^^^^^^^^^^^^^^^^^^^^
  File "/home/prajjwal/Projects/PythonDjango/Lms_Api/venv/lib/python3.12/site-packages/rest_framework/views.py", line 509, in dispatch
    response = self.handle_exception(exc)
               ^^^^^^^^^^^^^^^^^^^^^^^^^^
  File "/home/prajjwal/Projects/PythonDjango/Lms_Api/venv/lib/python3.12/site-packages/rest_framework/views.py", line 469, in handle_exception
    self.raise_uncaught_exception(exc)
  File "/home/prajjwal/Projects/PythonDjango/Lms_Api/venv/lib/python3.12/site-packages/rest_framework/views.py", line 480, in raise_uncaught_exception
    raise exc
  File "/home/prajjwal/Projects/PythonDjango/Lms_Api/venv/lib/python3.12/site-packages/rest_framework/views.py", line 506, in dispatch
    response = handler(request, *args, **kwargs)
               ^^^^^^^^^^^^^^^^^^^^^^^^^^^^^^^^^
  File "/home/prajjwal/Projects/PythonDjango/Lms_Api/lms/bookcopy/views.py", line 22, in create
    book_copy = service.add_book_copy(validated_data)
                ^^^^^^^^^^^^^^^^^^^^^^^^^^^^^^^^^^^^^
  File "/home/prajjwal/Projects/PythonDjango/Lms_Api/lms/bookcopy/services.py", line 12, in add_book_copy
    book = self.book_repo.get_book_by_id(book_id)
           ^^^^^^^^^^^^^^^^^^^^^^^^^^^^^^^^^^^^^^
  File "/home/prajjwal/Projects/PythonDjango/Lms_Api/lms/book/repositories.py", line 10, in get_book_by_id
    book = Book.objects.filter(book_id = book_id, is_deleted = False).first()
           ^^^^^^^^^^^^^^^^^^^^^^^^^^^^^^^^^^^^^^^^^^^^^^^^^^^^^^^^^^
  File "/home/prajjwal/Projects/PythonDjango/Lms_Api/venv/lib/python3.12/site-packages/django/db/models/manager.py", line 87, in manager_method
    return getattr(self.get_queryset(), name)(*args, **kwargs)
           ^^^^^^^^^^^^^^^^^^^^^^^^^^^^^^^^^^^^^^^^^^^^^^^^^^^
  File "/home/prajjwal/Projects/PythonDjango/Lms_Api/venv/lib/python3.12/site-packages/django/db/models/query.py", line 1476, in filter
    return self._filter_or_exclude(False, args, kwargs)
           ^^^^^^^^^^^^^^^^^^^^^^^^^^^^^^^^^^^^^^^^^^^^
  File "/home/prajjwal/Projects/PythonDjango/Lms_Api/venv/lib/python3.12/site-packages/django/db/models/query.py", line 1494, in _filter_or_exclude
    clone._filter_or_exclude_inplace(negate, args, kwargs)
  File "/home/prajjwal/Projects/PythonDjango/Lms_Api/venv/lib/python3.12/site-packages/django/db/models/query.py", line 1501, in _filter_or_exclude_inplace
    self._query.add_q(Q(*args, **kwargs))
  File "/home/prajjwal/Projects/PythonDjango/Lms_Api/venv/lib/python3.12/site-packages/django/db/models/sql/query.py", line 1609, in add_q
    clause, _ = self._add_q(q_object, self.used_aliases)
                ^^^^^^^^^^^^^^^^^^^^^^^^^^^^^^^^^^^^^^^^
  File "/home/prajjwal/Projects/PythonDjango/Lms_Api/venv/lib/python3.12/site-packages/django/db/models/sql/query.py", line 1641, in _add_q
    child_clause, needed_inner = self.build_filter(
                                 ^^^^^^^^^^^^^^^^^^
  File "/home/prajjwal/Projects/PythonDjango/Lms_Api/venv/lib/python3.12/site-packages/django/db/models/sql/query.py", line 1555, in build_filter
    condition = self.build_lookup(lookups, col, value)
                ^^^^^^^^^^^^^^^^^^^^^^^^^^^^^^^^^^^^^^
  File "/home/prajjwal/Projects/PythonDjango/Lms_Api/venv/lib/python3.12/site-packages/django/db/models/sql/query.py", line 1385, in build_lookup
    lookup = lookup_class(lhs, rhs)
             ^^^^^^^^^^^^^^^^^^^^^^
  File "/home/prajjwal/Projects/PythonDjango/Lms_Api/venv/lib/python3.12/site-packages/django/db/models/lookups.py", line 30, in __init__
    self.rhs = self.get_prep_lookup()
               ^^^^^^^^^^^^^^^^^^^^^^
  File "/home/prajjwal/Projects/PythonDjango/Lms_Api/venv/lib/python3.12/site-packages/django/db/models/lookups.py", line 369, in get_prep_lookup
    return super().get_prep_lookup()
           ^^^^^^^^^^^^^^^^^^^^^^^^^
  File "/home/prajjwal/Projects/PythonDjango/Lms_Api/venv/lib/python3.12/site-packages/django/db/models/lookups.py", line 88, in get_prep_lookup
    return self.lhs.output_field.get_prep_value(self.rhs)
           ^^^^^^^^^^^^^^^^^^^^^^^^^^^^^^^^^^^^^^^^^^^^^^
  File "/home/prajjwal/Projects/PythonDjango/Lms_Api/venv/lib/python3.12/site-packages/django/db/models/fields/__init__.py", line 2125, in get_prep_value
    raise e.__class__(
TypeError: Field 'book_id' expected a number but got <Book: Coolest Guy He knows>.
"POST /api/bookcopy/ HTTP/1.1" 500 171649
Internal Server Error: /api/bookcopy/
Traceback (most recent call last):
  File "/home/prajjwal/Projects/PythonDjango/Lms_Api/venv/lib/python3.12/site-packages/django/db/models/fields/__init__.py", line 2123, in get_prep_value
    return int(value)
           ^^^^^^^^^^
TypeError: int() argument must be a string, a bytes-like object or a real number, not 'Book'

The above exception was the direct cause of the following exception:

Traceback (most recent call last):
  File "/home/prajjwal/Projects/PythonDjango/Lms_Api/venv/lib/python3.12/site-packages/django/core/handlers/exception.py", line 55, in inner
    response = get_response(request)
               ^^^^^^^^^^^^^^^^^^^^^
  File "/home/prajjwal/Projects/PythonDjango/Lms_Api/venv/lib/python3.12/site-packages/django/core/handlers/base.py", line 197, in _get_response
    response = wrapped_callback(request, *callback_args, **callback_kwargs)
               ^^^^^^^^^^^^^^^^^^^^^^^^^^^^^^^^^^^^^^^^^^^^^^^^^^^^^^^^^^^^
  File "/home/prajjwal/Projects/PythonDjango/Lms_Api/venv/lib/python3.12/site-packages/django/views/decorators/csrf.py", line 65, in _view_wrapper
    return view_func(request, *args, **kwargs)
           ^^^^^^^^^^^^^^^^^^^^^^^^^^^^^^^^^^^
  File "/home/prajjwal/Projects/PythonDjango/Lms_Api/venv/lib/python3.12/site-packages/rest_framework/viewsets.py", line 124, in view
    return self.dispatch(request, *args, **kwargs)
           ^^^^^^^^^^^^^^^^^^^^^^^^^^^^^^^^^^^^^^^
  File "/home/prajjwal/Projects/PythonDjango/Lms_Api/venv/lib/python3.12/site-packages/rest_framework/views.py", line 509, in dispatch
    response = self.handle_exception(exc)
               ^^^^^^^^^^^^^^^^^^^^^^^^^^
  File "/home/prajjwal/Projects/PythonDjango/Lms_Api/venv/lib/python3.12/site-packages/rest_framework/views.py", line 469, in handle_exception
    self.raise_uncaught_exception(exc)
  File "/home/prajjwal/Projects/PythonDjango/Lms_Api/venv/lib/python3.12/site-packages/rest_framework/views.py", line 480, in raise_uncaught_exception
    raise exc
  File "/home/prajjwal/Projects/PythonDjango/Lms_Api/venv/lib/python3.12/site-packages/rest_framework/views.py", line 506, in dispatch
    response = handler(request, *args, **kwargs)
               ^^^^^^^^^^^^^^^^^^^^^^^^^^^^^^^^^
  File "/home/prajjwal/Projects/PythonDjango/Lms_Api/lms/bookcopy/views.py", line 22, in create
    book_copy = service.add_book_copy(validated_data)
                ^^^^^^^^^^^^^^^^^^^^^^^^^^^^^^^^^^^^^
  File "/home/prajjwal/Projects/PythonDjango/Lms_Api/lms/bookcopy/services.py", line 12, in add_book_copy
    book = self.book_repo.get_book_by_id(book_id)
           ^^^^^^^^^^^^^^^^^^^^^^^^^^^^^^^^^^^^^^
  File "/home/prajjwal/Projects/PythonDjango/Lms_Api/lms/book/repositories.py", line 10, in get_book_by_id
    book = Book.objects.filter(book_id = book_id, is_deleted = False).first()
           ^^^^^^^^^^^^^^^^^^^^^^^^^^^^^^^^^^^^^^^^^^^^^^^^^^^^^^^^^^
  File "/home/prajjwal/Projects/PythonDjango/Lms_Api/venv/lib/python3.12/site-packages/django/db/models/manager.py", line 87, in manager_method
    return getattr(self.get_queryset(), name)(*args, **kwargs)
           ^^^^^^^^^^^^^^^^^^^^^^^^^^^^^^^^^^^^^^^^^^^^^^^^^^^
  File "/home/prajjwal/Projects/PythonDjango/Lms_Api/venv/lib/python3.12/site-packages/django/db/models/query.py", line 1476, in filter
    return self._filter_or_exclude(False, args, kwargs)
           ^^^^^^^^^^^^^^^^^^^^^^^^^^^^^^^^^^^^^^^^^^^^
  File "/home/prajjwal/Projects/PythonDjango/Lms_Api/venv/lib/python3.12/site-packages/django/db/models/query.py", line 1494, in _filter_or_exclude
    clone._filter_or_exclude_inplace(negate, args, kwargs)
  File "/home/prajjwal/Projects/PythonDjango/Lms_Api/venv/lib/python3.12/site-packages/django/db/models/query.py", line 1501, in _filter_or_exclude_inplace
    self._query.add_q(Q(*args, **kwargs))
  File "/home/prajjwal/Projects/PythonDjango/Lms_Api/venv/lib/python3.12/site-packages/django/db/models/sql/query.py", line 1609, in add_q
    clause, _ = self._add_q(q_object, self.used_aliases)
                ^^^^^^^^^^^^^^^^^^^^^^^^^^^^^^^^^^^^^^^^
  File "/home/prajjwal/Projects/PythonDjango/Lms_Api/venv/lib/python3.12/site-packages/django/db/models/sql/query.py", line 1641, in _add_q
    child_clause, needed_inner = self.build_filter(
                                 ^^^^^^^^^^^^^^^^^^
  File "/home/prajjwal/Projects/PythonDjango/Lms_Api/venv/lib/python3.12/site-packages/django/db/models/sql/query.py", line 1555, in build_filter
    condition = self.build_lookup(lookups, col, value)
                ^^^^^^^^^^^^^^^^^^^^^^^^^^^^^^^^^^^^^^
  File "/home/prajjwal/Projects/PythonDjango/Lms_Api/venv/lib/python3.12/site-packages/django/db/models/sql/query.py", line 1385, in build_lookup
    lookup = lookup_class(lhs, rhs)
             ^^^^^^^^^^^^^^^^^^^^^^
  File "/home/prajjwal/Projects/PythonDjango/Lms_Api/venv/lib/python3.12/site-packages/django/db/models/lookups.py", line 30, in __init__
    self.rhs = self.get_prep_lookup()
               ^^^^^^^^^^^^^^^^^^^^^^
  File "/home/prajjwal/Projects/PythonDjango/Lms_Api/venv/lib/python3.12/site-packages/django/db/models/lookups.py", line 369, in get_prep_lookup
    return super().get_prep_lookup()
           ^^^^^^^^^^^^^^^^^^^^^^^^^
  File "/home/prajjwal/Projects/PythonDjango/Lms_Api/venv/lib/python3.12/site-packages/django/db/models/lookups.py", line 88, in get_prep_lookup
    return self.lhs.output_field.get_prep_value(self.rhs)
           ^^^^^^^^^^^^^^^^^^^^^^^^^^^^^^^^^^^^^^^^^^^^^^
  File "/home/prajjwal/Projects/PythonDjango/Lms_Api/venv/lib/python3.12/site-packages/django/db/models/fields/__init__.py", line 2125, in get_prep_value
    raise e.__class__(
TypeError: Field 'book_id' expected a number but got <Book: Coolest Guy He knows>.
"POST /api/bookcopy/ HTTP/1.1" 500 171657
/home/prajjwal/Projects/PythonDjango/Lms_Api/lms/bookcopy/services.py changed, reloading.
Watching for file changes with StatReloader
"POST /api/bookcopy/ HTTP/1.1" 201 26
"GET /api/bookcopy/ HTTP/1.1" 200 171
"GET /api/book/ HTTP/1.1" 200 402
Internal Server Error: /api/bookcopy/
Traceback (most recent call last):
  File "/home/prajjwal/Projects/PythonDjango/Lms_Api/venv/lib/python3.12/site-packages/django/core/handlers/exception.py", line 55, in inner
    response = get_response(request)
               ^^^^^^^^^^^^^^^^^^^^^
  File "/home/prajjwal/Projects/PythonDjango/Lms_Api/venv/lib/python3.12/site-packages/django/core/handlers/base.py", line 220, in _get_response
    response = response.render()
               ^^^^^^^^^^^^^^^^^
  File "/home/prajjwal/Projects/PythonDjango/Lms_Api/venv/lib/python3.12/site-packages/django/template/response.py", line 114, in render
    self.content = self.rendered_content
                   ^^^^^^^^^^^^^^^^^^^^^
  File "/home/prajjwal/Projects/PythonDjango/Lms_Api/venv/lib/python3.12/site-packages/rest_framework/response.py", line 74, in rendered_content
    ret = renderer.render(self.data, accepted_media_type, context)
          ^^^^^^^^^^^^^^^^^^^^^^^^^^^^^^^^^^^^^^^^^^^^^^^^^^^^^^^^
  File "/home/prajjwal/Projects/PythonDjango/Lms_Api/venv/lib/python3.12/site-packages/rest_framework/renderers.py", line 100, in render
    ret = json.dumps(
          ^^^^^^^^^^^
  File "/home/prajjwal/Projects/PythonDjango/Lms_Api/venv/lib/python3.12/site-packages/rest_framework/utils/json.py", line 25, in dumps
    return json.dumps(*args, **kwargs)
           ^^^^^^^^^^^^^^^^^^^^^^^^^^^
  File "/usr/lib/python3.12/json/__init__.py", line 238, in dumps
    **kw).encode(obj)
          ^^^^^^^^^^^
  File "/usr/lib/python3.12/json/encoder.py", line 200, in encode
    chunks = self.iterencode(o, _one_shot=True)
             ^^^^^^^^^^^^^^^^^^^^^^^^^^^^^^^^^^
  File "/usr/lib/python3.12/json/encoder.py", line 258, in iterencode
    return _iterencode(o, 0)
           ^^^^^^^^^^^^^^^^^
  File "/home/prajjwal/Projects/PythonDjango/Lms_Api/venv/lib/python3.12/site-packages/rest_framework/utils/encoders.py", line 67, in default
    return super().default(obj)
           ^^^^^^^^^^^^^^^^^^^^
  File "/usr/lib/python3.12/json/encoder.py", line 180, in default
    raise TypeError(f'Object of type {o.__class__.__name__} '
TypeError: Object of type BookCopy is not JSON serializable
"POST /api/bookcopy/ HTTP/1.1" 500 106557
/home/prajjwal/Projects/PythonDjango/Lms_Api/lms/bookcopy/views.py changed, reloading.
Watching for file changes with StatReloader
/home/prajjwal/Projects/PythonDjango/Lms_Api/lms/bookcopy/views.py changed, reloading.
Watching for file changes with StatReloader
/home/prajjwal/Projects/PythonDjango/Lms_Api/lms/bookcopy/views.py changed, reloading.
Watching for file changes with StatReloader
Bad Request: /api/bookcopy/
"POST /api/bookcopy/ HTTP/1.1" 400 59
Bad Request: /api/bookcopy/
"POST /api/bookcopy/ HTTP/1.1" 400 59
Bad Request: /api/bookcopy/
"POST /api/bookcopy/ HTTP/1.1" 400 59
Internal Server Error: /api/bookcopy/
Traceback (most recent call last):
  File "/home/prajjwal/Projects/PythonDjango/Lms_Api/venv/lib/python3.12/site-packages/django/core/handlers/exception.py", line 55, in inner
    response = get_response(request)
               ^^^^^^^^^^^^^^^^^^^^^
  File "/home/prajjwal/Projects/PythonDjango/Lms_Api/venv/lib/python3.12/site-packages/django/core/handlers/base.py", line 197, in _get_response
    response = wrapped_callback(request, *callback_args, **callback_kwargs)
               ^^^^^^^^^^^^^^^^^^^^^^^^^^^^^^^^^^^^^^^^^^^^^^^^^^^^^^^^^^^^
  File "/home/prajjwal/Projects/PythonDjango/Lms_Api/venv/lib/python3.12/site-packages/django/views/decorators/csrf.py", line 65, in _view_wrapper
    return view_func(request, *args, **kwargs)
           ^^^^^^^^^^^^^^^^^^^^^^^^^^^^^^^^^^^
  File "/home/prajjwal/Projects/PythonDjango/Lms_Api/venv/lib/python3.12/site-packages/rest_framework/viewsets.py", line 124, in view
    return self.dispatch(request, *args, **kwargs)
           ^^^^^^^^^^^^^^^^^^^^^^^^^^^^^^^^^^^^^^^
  File "/home/prajjwal/Projects/PythonDjango/Lms_Api/venv/lib/python3.12/site-packages/rest_framework/views.py", line 509, in dispatch
    response = self.handle_exception(exc)
               ^^^^^^^^^^^^^^^^^^^^^^^^^^
  File "/home/prajjwal/Projects/PythonDjango/Lms_Api/venv/lib/python3.12/site-packages/rest_framework/views.py", line 469, in handle_exception
    self.raise_uncaught_exception(exc)
  File "/home/prajjwal/Projects/PythonDjango/Lms_Api/venv/lib/python3.12/site-packages/rest_framework/views.py", line 480, in raise_uncaught_exception
    raise exc
  File "/home/prajjwal/Projects/PythonDjango/Lms_Api/venv/lib/python3.12/site-packages/rest_framework/views.py", line 506, in dispatch
    response = handler(request, *args, **kwargs)
               ^^^^^^^^^^^^^^^^^^^^^^^^^^^^^^^^^
  File "/home/prajjwal/Projects/PythonDjango/Lms_Api/lms/bookcopy/views.py", line 25, in create
    return Response(BookCopyResponse(book_copy), status=status.HTTP_201_CREATED)
           ^^^^^^^^^^^^^^^^^^^^^^^^^^^^^^^^^^^^^^^^^^^^^^^^^^^^^^^^^^^^^^^^^^^^^
  File "/home/prajjwal/Projects/PythonDjango/Lms_Api/venv/lib/python3.12/site-packages/rest_framework/response.py", line 38, in __init__
    raise AssertionError(msg)
AssertionError: You passed a Serializer instance as data, but probably meant to pass serialized `.data` or `.error`. representation.
"POST /api/bookcopy/ HTTP/1.1" 500 105704
Internal Server Error: /api/bookcopy/
Traceback (most recent call last):
  File "/home/prajjwal/Projects/PythonDjango/Lms_Api/venv/lib/python3.12/site-packages/django/core/handlers/exception.py", line 55, in inner
    response = get_response(request)
               ^^^^^^^^^^^^^^^^^^^^^
  File "/home/prajjwal/Projects/PythonDjango/Lms_Api/venv/lib/python3.12/site-packages/django/core/handlers/base.py", line 197, in _get_response
    response = wrapped_callback(request, *callback_args, **callback_kwargs)
               ^^^^^^^^^^^^^^^^^^^^^^^^^^^^^^^^^^^^^^^^^^^^^^^^^^^^^^^^^^^^
  File "/home/prajjwal/Projects/PythonDjango/Lms_Api/venv/lib/python3.12/site-packages/django/views/decorators/csrf.py", line 65, in _view_wrapper
    return view_func(request, *args, **kwargs)
           ^^^^^^^^^^^^^^^^^^^^^^^^^^^^^^^^^^^
  File "/home/prajjwal/Projects/PythonDjango/Lms_Api/venv/lib/python3.12/site-packages/rest_framework/viewsets.py", line 124, in view
    return self.dispatch(request, *args, **kwargs)
           ^^^^^^^^^^^^^^^^^^^^^^^^^^^^^^^^^^^^^^^
  File "/home/prajjwal/Projects/PythonDjango/Lms_Api/venv/lib/python3.12/site-packages/rest_framework/views.py", line 509, in dispatch
    response = self.handle_exception(exc)
               ^^^^^^^^^^^^^^^^^^^^^^^^^^
  File "/home/prajjwal/Projects/PythonDjango/Lms_Api/venv/lib/python3.12/site-packages/rest_framework/views.py", line 469, in handle_exception
    self.raise_uncaught_exception(exc)
  File "/home/prajjwal/Projects/PythonDjango/Lms_Api/venv/lib/python3.12/site-packages/rest_framework/views.py", line 480, in raise_uncaught_exception
    raise exc
  File "/home/prajjwal/Projects/PythonDjango/Lms_Api/venv/lib/python3.12/site-packages/rest_framework/views.py", line 506, in dispatch
    response = handler(request, *args, **kwargs)
               ^^^^^^^^^^^^^^^^^^^^^^^^^^^^^^^^^
  File "/home/prajjwal/Projects/PythonDjango/Lms_Api/lms/bookcopy/views.py", line 25, in create
    return Response(BookCopyResponse(book_copy), status=status.HTTP_201_CREATED)
           ^^^^^^^^^^^^^^^^^^^^^^^^^^^^^^^^^^^^^^^^^^^^^^^^^^^^^^^^^^^^^^^^^^^^^
  File "/home/prajjwal/Projects/PythonDjango/Lms_Api/venv/lib/python3.12/site-packages/rest_framework/response.py", line 38, in __init__
    raise AssertionError(msg)
AssertionError: You passed a Serializer instance as data, but probably meant to pass serialized `.data` or `.error`. representation.
"POST /api/bookcopy/ HTTP/1.1" 500 105999
/home/prajjwal/Projects/PythonDjango/Lms_Api/lms/bookcopy/views.py changed, reloading.
Watching for file changes with StatReloader
Bad Request: /api/bookcopy/
"POST /api/bookcopy/ HTTP/1.1" 400 26
"GET /api/book/ HTTP/1.1" 200 402
"GET /api/bookcopy/ HTTP/1.1" 200 258
"GET /api/book/?query=f HTTP/1.1" 200 143
Bad Request: /api/bookcopy/
"POST /api/bookcopy/ HTTP/1.1" 400 74
code 400, message Bad request syntax ('2F')
"2F" 400 -
"GET /api/book/?query=f HTTP/1.1" 200 143
Bad Request: /api/bookcopy/
"POST /api/bookcopy/ HTTP/1.1" 400 74
code 400, message Bad request syntax ('2F')
"2F" 400 -
"POST /api/login/ HTTP/1.1" 200 594
"GET /api/dashboard/test/ HTTP/1.1" 200 217
"GET /api/overdue-borrowers/ HTTP/1.1" 200 329
"GET /api/bookcopy/ HTTP/1.1" 200 258
"GET /api/book/?query=f HTTP/1.1" 200 143
"GET /api/book/?query=fi HTTP/1.1" 200 143
Bad Request: /api/bookcopy/
"POST /api/bookcopy/ HTTP/1.1" 400 59
"GET /api/book/?query=t HTTP/1.1" 200 279
"GET /api/book/?query=to HTTP/1.1" 200 2
"GET /api/book/?query=t HTTP/1.1" 200 279
"GET /api/book/?query=f HTTP/1.1" 200 143
"GET /api/book/?query=fi HTTP/1.1" 200 143
Bad Request: /api/bookcopy/
"POST /api/bookcopy/ HTTP/1.1" 400 59
Bad Request: /api/bookcopy/
"POST /api/bookcopy/ HTTP/1.1" 400 59
Bad Request: /api/bookcopy/
"POST /api/bookcopy/ HTTP/1.1" 400 26
"POST /api/login/ HTTP/1.1" 200 594
"GET /api/dashboard/test/ HTTP/1.1" 200 217
"GET /api/overdue-borrowers/ HTTP/1.1" 200 329
"GET /api/bookcopy/ HTTP/1.1" 200 258
"GET /api/book/?query=f HTTP/1.1" 200 143
Bad Request: /api/bookcopy/
"POST /api/bookcopy/ HTTP/1.1" 400 59
"GET /api/book/?query=f HTTP/1.1" 200 143
Bad Request: /api/bookcopy/
"POST /api/bookcopy/ HTTP/1.1" 400 59
Bad Request: /api/bookcopy/
"POST /api/bookcopy/ HTTP/1.1" 400 26
"POST /api/login/ HTTP/1.1" 200 594
"GET /api/dashboard/test/ HTTP/1.1" 200 217
"GET /api/overdue-borrowers/ HTTP/1.1" 200 329
"GET /api/book/?query=f HTTP/1.1" 200 143
/home/prajjwal/Projects/PythonDjango/Lms_Api/lms/bookcopy/serializers.py changed, reloading.
Bad Request: /api/bookcopy/
"POST /api/bookcopy/ HTTP/1.1" 400 59
Watching for file changes with StatReloader
"GET /api/book/?query=f HTTP/1.1" 200 143
Bad Request: /api/bookcopy/
"POST /api/bookcopy/ HTTP/1.1" 400 59
/home/prajjwal/Projects/PythonDjango/Lms_Api/lms/bookcopy/views.py changed, reloading.
Watching for file changes with StatReloader
/home/prajjwal/Projects/PythonDjango/Lms_Api/lms/bookcopy/views.py changed, reloading.
Watching for file changes with StatReloader
Watching for file changes with StatReloader
Bad Request: /api/bookcopy/
"POST /api/bookcopy/ HTTP/1.1" 400 26
"GET /api/book/?query=f HTTP/1.1" 200 143
Bad Request: /api/bookcopy/
Bad Request: /api/bookcopy/
"POST /api/bookcopy/ HTTP/1.1" 400 26
Bad Request: /api/bookcopy/
"POST /api/bookcopy/ HTTP/1.1" 400 26
"POST /api/login/ HTTP/1.1" 200 594
"GET /api/dashboard/test/ HTTP/1.1" 200 217
"GET /api/overdue-borrowers/ HTTP/1.1" 200 329
"GET /api/book/?query=f HTTP/1.1" 200 143
"GET /api/book/ HTTP/1.1" 200 402
Bad Request: /api/bookcopy/
"POST /api/bookcopy/ HTTP/1.1" 400 59
"GET /api/book/?query=f HTTP/1.1" 200 143
Bad Request: /api/bookcopy/
"POST /api/bookcopy/ HTTP/1.1" 400 59
Bad Request: /api/bookcopy/
"POST /api/bookcopy/ HTTP/1.1" 400 26
"GET /api/book/?query=f HTTP/1.1" 200 143
Watching for file changes with StatReloader
"POST /api/login/ HTTP/1.1" 200 594
"GET /api/dashboard/test/ HTTP/1.1" 200 217
"GET /api/overdue-borrowers/ HTTP/1.1" 200 329
"GET /api/bookcopy/ HTTP/1.1" 200 258
"GET /api/book/?query=f HTTP/1.1" 200 143
Bad Request: /api/bookcopy/
"POST /api/bookcopy/ HTTP/1.1" 400 59
Bad Request: /api/bookcopy/
"POST /api/bookcopy/ HTTP/1.1" 400 26
"GET /api/book/?query=f HTTP/1.1" 200 143
Bad Request: /api/bookcopy/
/home/prajjwal/Projects/PythonDjango/Lms_Api/lms/bookcopy/views.py changed, reloading.
Watching for file changes with StatReloader
Internal Server Error: /api/bookcopy/
Traceback (most recent call last):
  File "/home/prajjwal/Projects/PythonDjango/Lms_Api/venv/lib/python3.12/site-packages/django/core/handlers/exception.py", line 55, in inner
    response = get_response(request)
               ^^^^^^^^^^^^^^^^^^^^^
  File "/home/prajjwal/Projects/PythonDjango/Lms_Api/venv/lib/python3.12/site-packages/django/core/handlers/base.py", line 197, in _get_response
    response = wrapped_callback(request, *callback_args, **callback_kwargs)
               ^^^^^^^^^^^^^^^^^^^^^^^^^^^^^^^^^^^^^^^^^^^^^^^^^^^^^^^^^^^^
  File "/home/prajjwal/Projects/PythonDjango/Lms_Api/venv/lib/python3.12/site-packages/django/views/decorators/csrf.py", line 65, in _view_wrapper
    return view_func(request, *args, **kwargs)
           ^^^^^^^^^^^^^^^^^^^^^^^^^^^^^^^^^^^
  File "/home/prajjwal/Projects/PythonDjango/Lms_Api/venv/lib/python3.12/site-packages/rest_framework/viewsets.py", line 124, in view
    return self.dispatch(request, *args, **kwargs)
           ^^^^^^^^^^^^^^^^^^^^^^^^^^^^^^^^^^^^^^^
  File "/home/prajjwal/Projects/PythonDjango/Lms_Api/venv/lib/python3.12/site-packages/rest_framework/views.py", line 509, in dispatch
    response = self.handle_exception(exc)
               ^^^^^^^^^^^^^^^^^^^^^^^^^^
  File "/home/prajjwal/Projects/PythonDjango/Lms_Api/venv/lib/python3.12/site-packages/rest_framework/views.py", line 469, in handle_exception
    self.raise_uncaught_exception(exc)
  File "/home/prajjwal/Projects/PythonDjango/Lms_Api/venv/lib/python3.12/site-packages/rest_framework/views.py", line 480, in raise_uncaught_exception
    raise exc
  File "/home/prajjwal/Projects/PythonDjango/Lms_Api/venv/lib/python3.12/site-packages/rest_framework/views.py", line 506, in dispatch
    response = handler(request, *args, **kwargs)
               ^^^^^^^^^^^^^^^^^^^^^^^^^^^^^^^^^
  File "/home/prajjwal/Projects/PythonDjango/Lms_Api/lms/bookcopy/views.py", line 20, in create
    if serializer.is_valid():
       ^^^^^^^^^^^^^^^^^^^^^
  File "/home/prajjwal/Projects/PythonDjango/Lms_Api/venv/lib/python3.12/site-packages/rest_framework/serializers.py", line 216, in is_valid
    assert hasattr(self, 'initial_data'), (
           ^^^^^^^^^^^^^^^^^^^^^^^^^^^^^
AssertionError: Cannot call `.is_valid()` as no `data=` keyword argument was passed when instantiating the serializer instance.
"POST /api/bookcopy/ HTTP/1.1" 500 103962
"POST /api/login/ HTTP/1.1" 200 594
"GET /api/dashboard/test/ HTTP/1.1" 200 217
"GET /api/overdue-borrowers/ HTTP/1.1" 200 329
"GET /api/bookcopy/ HTTP/1.1" 200 258
"GET /api/book/?query=f HTTP/1.1" 200 143
Internal Server Error: /api/bookcopy/
Traceback (most recent call last):
  File "/home/prajjwal/Projects/PythonDjango/Lms_Api/venv/lib/python3.12/site-packages/django/core/handlers/exception.py", line 55, in inner
    response = get_response(request)
               ^^^^^^^^^^^^^^^^^^^^^
  File "/home/prajjwal/Projects/PythonDjango/Lms_Api/venv/lib/python3.12/site-packages/django/core/handlers/base.py", line 197, in _get_response
    response = wrapped_callback(request, *callback_args, **callback_kwargs)
               ^^^^^^^^^^^^^^^^^^^^^^^^^^^^^^^^^^^^^^^^^^^^^^^^^^^^^^^^^^^^
  File "/home/prajjwal/Projects/PythonDjango/Lms_Api/venv/lib/python3.12/site-packages/django/views/decorators/csrf.py", line 65, in _view_wrapper
    return view_func(request, *args, **kwargs)
           ^^^^^^^^^^^^^^^^^^^^^^^^^^^^^^^^^^^
  File "/home/prajjwal/Projects/PythonDjango/Lms_Api/venv/lib/python3.12/site-packages/rest_framework/viewsets.py", line 124, in view
    return self.dispatch(request, *args, **kwargs)
           ^^^^^^^^^^^^^^^^^^^^^^^^^^^^^^^^^^^^^^^
  File "/home/prajjwal/Projects/PythonDjango/Lms_Api/venv/lib/python3.12/site-packages/rest_framework/views.py", line 509, in dispatch
    response = self.handle_exception(exc)
               ^^^^^^^^^^^^^^^^^^^^^^^^^^
  File "/home/prajjwal/Projects/PythonDjango/Lms_Api/venv/lib/python3.12/site-packages/rest_framework/views.py", line 469, in handle_exception
    self.raise_uncaught_exception(exc)
  File "/home/prajjwal/Projects/PythonDjango/Lms_Api/venv/lib/python3.12/site-packages/rest_framework/views.py", line 480, in raise_uncaught_exception
    raise exc
  File "/home/prajjwal/Projects/PythonDjango/Lms_Api/venv/lib/python3.12/site-packages/rest_framework/views.py", line 506, in dispatch
    response = handler(request, *args, **kwargs)
               ^^^^^^^^^^^^^^^^^^^^^^^^^^^^^^^^^
  File "/home/prajjwal/Projects/PythonDjango/Lms_Api/lms/bookcopy/views.py", line 20, in create
    if serializer.is_valid():
       ^^^^^^^^^^^^^^^^^^^^^
  File "/home/prajjwal/Projects/PythonDjango/Lms_Api/venv/lib/python3.12/site-packages/rest_framework/serializers.py", line 216, in is_valid
    assert hasattr(self, 'initial_data'), (
           ^^^^^^^^^^^^^^^^^^^^^^^^^^^^^
AssertionError: Cannot call `.is_valid()` as no `data=` keyword argument was passed when instantiating the serializer instance.
code 400, message Bad request syntax ('2E')
"2E" 400 -
- Broken pipe from ('127.0.0.1', 34284)
"POST /api/login/ HTTP/1.1" 200 594
"GET /api/dashboard/test/ HTTP/1.1" 200 217
"GET /api/overdue-borrowers/ HTTP/1.1" 200 329
"GET /api/book/?query=f HTTP/1.1" 200 143
Internal Server Error: /api/bookcopy/
Traceback (most recent call last):
  File "/home/prajjwal/Projects/PythonDjango/Lms_Api/venv/lib/python3.12/site-packages/django/core/handlers/exception.py", line 55, in inner
    response = get_response(request)
               ^^^^^^^^^^^^^^^^^^^^^
  File "/home/prajjwal/Projects/PythonDjango/Lms_Api/venv/lib/python3.12/site-packages/django/core/handlers/base.py", line 197, in _get_response
    response = wrapped_callback(request, *callback_args, **callback_kwargs)
               ^^^^^^^^^^^^^^^^^^^^^^^^^^^^^^^^^^^^^^^^^^^^^^^^^^^^^^^^^^^^
  File "/home/prajjwal/Projects/PythonDjango/Lms_Api/venv/lib/python3.12/site-packages/django/views/decorators/csrf.py", line 65, in _view_wrapper
    return view_func(request, *args, **kwargs)
           ^^^^^^^^^^^^^^^^^^^^^^^^^^^^^^^^^^^
  File "/home/prajjwal/Projects/PythonDjango/Lms_Api/venv/lib/python3.12/site-packages/rest_framework/viewsets.py", line 124, in view
    return self.dispatch(request, *args, **kwargs)
           ^^^^^^^^^^^^^^^^^^^^^^^^^^^^^^^^^^^^^^^
  File "/home/prajjwal/Projects/PythonDjango/Lms_Api/venv/lib/python3.12/site-packages/rest_framework/views.py", line 509, in dispatch
    response = self.handle_exception(exc)
               ^^^^^^^^^^^^^^^^^^^^^^^^^^
  File "/home/prajjwal/Projects/PythonDjango/Lms_Api/venv/lib/python3.12/site-packages/rest_framework/views.py", line 469, in handle_exception
    self.raise_uncaught_exception(exc)
  File "/home/prajjwal/Projects/PythonDjango/Lms_Api/venv/lib/python3.12/site-packages/rest_framework/views.py", line 480, in raise_uncaught_exception
    raise exc
  File "/home/prajjwal/Projects/PythonDjango/Lms_Api/venv/lib/python3.12/site-packages/rest_framework/views.py", line 506, in dispatch
    response = handler(request, *args, **kwargs)
               ^^^^^^^^^^^^^^^^^^^^^^^^^^^^^^^^^
  File "/home/prajjwal/Projects/PythonDjango/Lms_Api/lms/bookcopy/views.py", line 20, in create
    if serializer.is_valid():
       ^^^^^^^^^^^^^^^^^^^^^
  File "/home/prajjwal/Projects/PythonDjango/Lms_Api/venv/lib/python3.12/site-packages/rest_framework/serializers.py", line 216, in is_valid
    assert hasattr(self, 'initial_data'), (
           ^^^^^^^^^^^^^^^^^^^^^^^^^^^^^
AssertionError: Cannot call `.is_valid()` as no `data=` keyword argument was passed when instantiating the serializer instance.
"POST /api/bookcopy/ HTTP/1.1" 500 103704
code 400, message Bad request syntax ('41')
"41" 400 -
"GET /api/book/?query=f HTTP/1.1" 200 143
Internal Server Error: /api/bookcopy/
Traceback (most recent call last):
  File "/home/prajjwal/Projects/PythonDjango/Lms_Api/venv/lib/python3.12/site-packages/django/core/handlers/exception.py", line 55, in inner
    response = get_response(request)
               ^^^^^^^^^^^^^^^^^^^^^
  File "/home/prajjwal/Projects/PythonDjango/Lms_Api/venv/lib/python3.12/site-packages/django/core/handlers/base.py", line 197, in _get_response
    response = wrapped_callback(request, *callback_args, **callback_kwargs)
               ^^^^^^^^^^^^^^^^^^^^^^^^^^^^^^^^^^^^^^^^^^^^^^^^^^^^^^^^^^^^
  File "/home/prajjwal/Projects/PythonDjango/Lms_Api/venv/lib/python3.12/site-packages/django/views/decorators/csrf.py", line 65, in _view_wrapper
    return view_func(request, *args, **kwargs)
           ^^^^^^^^^^^^^^^^^^^^^^^^^^^^^^^^^^^
  File "/home/prajjwal/Projects/PythonDjango/Lms_Api/venv/lib/python3.12/site-packages/rest_framework/viewsets.py", line 124, in view
    return self.dispatch(request, *args, **kwargs)
           ^^^^^^^^^^^^^^^^^^^^^^^^^^^^^^^^^^^^^^^
  File "/home/prajjwal/Projects/PythonDjango/Lms_Api/venv/lib/python3.12/site-packages/rest_framework/views.py", line 509, in dispatch
    response = self.handle_exception(exc)
               ^^^^^^^^^^^^^^^^^^^^^^^^^^
  File "/home/prajjwal/Projects/PythonDjango/Lms_Api/venv/lib/python3.12/site-packages/rest_framework/views.py", line 469, in handle_exception
    self.raise_uncaught_exception(exc)
  File "/home/prajjwal/Projects/PythonDjango/Lms_Api/venv/lib/python3.12/site-packages/rest_framework/views.py", line 480, in raise_uncaught_exception
    raise exc
  File "/home/prajjwal/Projects/PythonDjango/Lms_Api/venv/lib/python3.12/site-packages/rest_framework/views.py", line 506, in dispatch
    response = handler(request, *args, **kwargs)
               ^^^^^^^^^^^^^^^^^^^^^^^^^^^^^^^^^
  File "/home/prajjwal/Projects/PythonDjango/Lms_Api/lms/bookcopy/views.py", line 20, in create
    if serializer.is_valid():
       ^^^^^^^^^^^^^^^^^^^^^
  File "/home/prajjwal/Projects/PythonDjango/Lms_Api/venv/lib/python3.12/site-packages/rest_framework/serializers.py", line 216, in is_valid
    assert hasattr(self, 'initial_data'), (
           ^^^^^^^^^^^^^^^^^^^^^^^^^^^^^
AssertionError: Cannot call `.is_valid()` as no `data=` keyword argument was passed when instantiating the serializer instance.
code 400, message Bad request syntax ('41')
"41" 400 -
- Broken pipe from ('127.0.0.1', 36396)
"POST /api/login/ HTTP/1.1" 200 594
"GET /api/dashboard/test/ HTTP/1.1" 200 217
"GET /api/overdue-borrowers/ HTTP/1.1" 200 329
"GET /api/book/?query=f HTTP/1.1" 200 143
Internal Server Error: /api/bookcopy/
Traceback (most recent call last):
  File "/home/prajjwal/Projects/PythonDjango/Lms_Api/venv/lib/python3.12/site-packages/django/core/handlers/exception.py", line 55, in inner
    response = get_response(request)
               ^^^^^^^^^^^^^^^^^^^^^
  File "/home/prajjwal/Projects/PythonDjango/Lms_Api/venv/lib/python3.12/site-packages/django/core/handlers/base.py", line 197, in _get_response
    response = wrapped_callback(request, *callback_args, **callback_kwargs)
               ^^^^^^^^^^^^^^^^^^^^^^^^^^^^^^^^^^^^^^^^^^^^^^^^^^^^^^^^^^^^
  File "/home/prajjwal/Projects/PythonDjango/Lms_Api/venv/lib/python3.12/site-packages/django/views/decorators/csrf.py", line 65, in _view_wrapper
    return view_func(request, *args, **kwargs)
           ^^^^^^^^^^^^^^^^^^^^^^^^^^^^^^^^^^^
  File "/home/prajjwal/Projects/PythonDjango/Lms_Api/venv/lib/python3.12/site-packages/rest_framework/viewsets.py", line 124, in view
    return self.dispatch(request, *args, **kwargs)
           ^^^^^^^^^^^^^^^^^^^^^^^^^^^^^^^^^^^^^^^
  File "/home/prajjwal/Projects/PythonDjango/Lms_Api/venv/lib/python3.12/site-packages/rest_framework/views.py", line 509, in dispatch
    response = self.handle_exception(exc)
               ^^^^^^^^^^^^^^^^^^^^^^^^^^
  File "/home/prajjwal/Projects/PythonDjango/Lms_Api/venv/lib/python3.12/site-packages/rest_framework/views.py", line 469, in handle_exception
    self.raise_uncaught_exception(exc)
  File "/home/prajjwal/Projects/PythonDjango/Lms_Api/venv/lib/python3.12/site-packages/rest_framework/views.py", line 480, in raise_uncaught_exception
    raise exc
  File "/home/prajjwal/Projects/PythonDjango/Lms_Api/venv/lib/python3.12/site-packages/rest_framework/views.py", line 506, in dispatch
    response = handler(request, *args, **kwargs)
               ^^^^^^^^^^^^^^^^^^^^^^^^^^^^^^^^^
  File "/home/prajjwal/Projects/PythonDjango/Lms_Api/lms/bookcopy/views.py", line 20, in create
    if serializer.is_valid():
       ^^^^^^^^^^^^^^^^^^^^^
  File "/home/prajjwal/Projects/PythonDjango/Lms_Api/venv/lib/python3.12/site-packages/rest_framework/serializers.py", line 216, in is_valid
    assert hasattr(self, 'initial_data'), (
           ^^^^^^^^^^^^^^^^^^^^^^^^^^^^^
AssertionError: Cannot call `.is_valid()` as no `data=` keyword argument was passed when instantiating the serializer instance.
"POST /api/bookcopy/ HTTP/1.1" 500 103947
/home/prajjwal/Projects/PythonDjango/Lms_Api/lms/bookcopy/serializers.py changed, reloading.
Watching for file changes with StatReloader
/home/prajjwal/Projects/PythonDjango/Lms_Api/lms/bookcopy/serializers.py changed, reloading.
Watching for file changes with StatReloader
"GET /api/book/?query=f HTTP/1.1" 200 143
Internal Server Error: /api/bookcopy/
Traceback (most recent call last):
  File "/home/prajjwal/Projects/PythonDjango/Lms_Api/venv/lib/python3.12/site-packages/django/core/handlers/exception.py", line 55, in inner
    response = get_response(request)
               ^^^^^^^^^^^^^^^^^^^^^
  File "/home/prajjwal/Projects/PythonDjango/Lms_Api/venv/lib/python3.12/site-packages/django/core/handlers/base.py", line 197, in _get_response
    response = wrapped_callback(request, *callback_args, **callback_kwargs)
               ^^^^^^^^^^^^^^^^^^^^^^^^^^^^^^^^^^^^^^^^^^^^^^^^^^^^^^^^^^^^
  File "/home/prajjwal/Projects/PythonDjango/Lms_Api/venv/lib/python3.12/site-packages/django/views/decorators/csrf.py", line 65, in _view_wrapper
    return view_func(request, *args, **kwargs)
           ^^^^^^^^^^^^^^^^^^^^^^^^^^^^^^^^^^^
  File "/home/prajjwal/Projects/PythonDjango/Lms_Api/venv/lib/python3.12/site-packages/rest_framework/viewsets.py", line 124, in view
    return self.dispatch(request, *args, **kwargs)
           ^^^^^^^^^^^^^^^^^^^^^^^^^^^^^^^^^^^^^^^
  File "/home/prajjwal/Projects/PythonDjango/Lms_Api/venv/lib/python3.12/site-packages/rest_framework/views.py", line 509, in dispatch
    response = self.handle_exception(exc)
               ^^^^^^^^^^^^^^^^^^^^^^^^^^
  File "/home/prajjwal/Projects/PythonDjango/Lms_Api/venv/lib/python3.12/site-packages/rest_framework/views.py", line 469, in handle_exception
    self.raise_uncaught_exception(exc)
  File "/home/prajjwal/Projects/PythonDjango/Lms_Api/venv/lib/python3.12/site-packages/rest_framework/views.py", line 480, in raise_uncaught_exception
    raise exc
  File "/home/prajjwal/Projects/PythonDjango/Lms_Api/venv/lib/python3.12/site-packages/rest_framework/views.py", line 506, in dispatch
    response = handler(request, *args, **kwargs)
               ^^^^^^^^^^^^^^^^^^^^^^^^^^^^^^^^^
  File "/home/prajjwal/Projects/PythonDjango/Lms_Api/lms/bookcopy/views.py", line 20, in create
    if serializer.is_valid():
       ^^^^^^^^^^^^^^^^^^^^^
  File "/home/prajjwal/Projects/PythonDjango/Lms_Api/venv/lib/python3.12/site-packages/rest_framework/serializers.py", line 216, in is_valid
    assert hasattr(self, 'initial_data'), (
           ^^^^^^^^^^^^^^^^^^^^^^^^^^^^^
AssertionError: Cannot call `.is_valid()` as no `data=` keyword argument was passed when instantiating the serializer instance.
"POST /api/bookcopy/ HTTP/1.1" 500 103452
/home/prajjwal/Projects/PythonDjango/Lms_Api/lms/bookcopy/serializers.py changed, reloading.
Watching for file changes with StatReloader
"POST /api/login/ HTTP/1.1" 200 594
"GET /api/dashboard/test/ HTTP/1.1" 200 217
"GET /api/overdue-borrowers/ HTTP/1.1" 200 329
"GET /api/bookcopy/ HTTP/1.1" 200 258
"GET /api/book/?query=f HTTP/1.1" 200 143
Internal Server Error: /api/bookcopy/
Traceback (most recent call last):
  File "/home/prajjwal/Projects/PythonDjango/Lms_Api/venv/lib/python3.12/site-packages/django/core/handlers/exception.py", line 55, in inner
    response = get_response(request)
               ^^^^^^^^^^^^^^^^^^^^^
  File "/home/prajjwal/Projects/PythonDjango/Lms_Api/venv/lib/python3.12/site-packages/django/core/handlers/base.py", line 197, in _get_response
    response = wrapped_callback(request, *callback_args, **callback_kwargs)
               ^^^^^^^^^^^^^^^^^^^^^^^^^^^^^^^^^^^^^^^^^^^^^^^^^^^^^^^^^^^^
  File "/home/prajjwal/Projects/PythonDjango/Lms_Api/venv/lib/python3.12/site-packages/django/views/decorators/csrf.py", line 65, in _view_wrapper
    return view_func(request, *args, **kwargs)
           ^^^^^^^^^^^^^^^^^^^^^^^^^^^^^^^^^^^
  File "/home/prajjwal/Projects/PythonDjango/Lms_Api/venv/lib/python3.12/site-packages/rest_framework/viewsets.py", line 124, in view
    return self.dispatch(request, *args, **kwargs)
           ^^^^^^^^^^^^^^^^^^^^^^^^^^^^^^^^^^^^^^^
  File "/home/prajjwal/Projects/PythonDjango/Lms_Api/venv/lib/python3.12/site-packages/rest_framework/views.py", line 509, in dispatch
    response = self.handle_exception(exc)
               ^^^^^^^^^^^^^^^^^^^^^^^^^^
  File "/home/prajjwal/Projects/PythonDjango/Lms_Api/venv/lib/python3.12/site-packages/rest_framework/views.py", line 469, in handle_exception
    self.raise_uncaught_exception(exc)
  File "/home/prajjwal/Projects/PythonDjango/Lms_Api/venv/lib/python3.12/site-packages/rest_framework/views.py", line 480, in raise_uncaught_exception
    raise exc
  File "/home/prajjwal/Projects/PythonDjango/Lms_Api/venv/lib/python3.12/site-packages/rest_framework/views.py", line 506, in dispatch
    response = handler(request, *args, **kwargs)
               ^^^^^^^^^^^^^^^^^^^^^^^^^^^^^^^^^
  File "/home/prajjwal/Projects/PythonDjango/Lms_Api/lms/bookcopy/views.py", line 20, in create
    if serializer.is_valid():
       ^^^^^^^^^^^^^^^^^^^^^
  File "/home/prajjwal/Projects/PythonDjango/Lms_Api/venv/lib/python3.12/site-packages/rest_framework/serializers.py", line 216, in is_valid
    assert hasattr(self, 'initial_data'), (
           ^^^^^^^^^^^^^^^^^^^^^^^^^^^^^
AssertionError: Cannot call `.is_valid()` as no `data=` keyword argument was passed when instantiating the serializer instance.
"POST /api/bookcopy/ HTTP/1.1" 500 103967
"GET /api/book/?query=f HTTP/1.1" 200 143
Internal Server Error: /api/bookcopy/
Traceback (most recent call last):
  File "/home/prajjwal/Projects/PythonDjango/Lms_Api/venv/lib/python3.12/site-packages/django/core/handlers/exception.py", line 55, in inner
    response = get_response(request)
               ^^^^^^^^^^^^^^^^^^^^^
  File "/home/prajjwal/Projects/PythonDjango/Lms_Api/venv/lib/python3.12/site-packages/django/core/handlers/base.py", line 197, in _get_response
    response = wrapped_callback(request, *callback_args, **callback_kwargs)
               ^^^^^^^^^^^^^^^^^^^^^^^^^^^^^^^^^^^^^^^^^^^^^^^^^^^^^^^^^^^^
  File "/home/prajjwal/Projects/PythonDjango/Lms_Api/venv/lib/python3.12/site-packages/django/views/decorators/csrf.py", line 65, in _view_wrapper
    return view_func(request, *args, **kwargs)
           ^^^^^^^^^^^^^^^^^^^^^^^^^^^^^^^^^^^
  File "/home/prajjwal/Projects/PythonDjango/Lms_Api/venv/lib/python3.12/site-packages/rest_framework/viewsets.py", line 124, in view
    return self.dispatch(request, *args, **kwargs)
           ^^^^^^^^^^^^^^^^^^^^^^^^^^^^^^^^^^^^^^^
  File "/home/prajjwal/Projects/PythonDjango/Lms_Api/venv/lib/python3.12/site-packages/rest_framework/views.py", line 509, in dispatch
    response = self.handle_exception(exc)
               ^^^^^^^^^^^^^^^^^^^^^^^^^^
  File "/home/prajjwal/Projects/PythonDjango/Lms_Api/venv/lib/python3.12/site-packages/rest_framework/views.py", line 469, in handle_exception
    self.raise_uncaught_exception(exc)
  File "/home/prajjwal/Projects/PythonDjango/Lms_Api/venv/lib/python3.12/site-packages/rest_framework/views.py", line 480, in raise_uncaught_exception
    raise exc
  File "/home/prajjwal/Projects/PythonDjango/Lms_Api/venv/lib/python3.12/site-packages/rest_framework/views.py", line 506, in dispatch
    response = handler(request, *args, **kwargs)
               ^^^^^^^^^^^^^^^^^^^^^^^^^^^^^^^^^
  File "/home/prajjwal/Projects/PythonDjango/Lms_Api/lms/bookcopy/views.py", line 20, in create
    if serializer.is_valid():
       ^^^^^^^^^^^^^^^^^^^^^
  File "/home/prajjwal/Projects/PythonDjango/Lms_Api/venv/lib/python3.12/site-packages/rest_framework/serializers.py", line 216, in is_valid
    assert hasattr(self, 'initial_data'), (
           ^^^^^^^^^^^^^^^^^^^^^^^^^^^^^
AssertionError: Cannot call `.is_valid()` as no `data=` keyword argument was passed when instantiating the serializer instance.
/home/prajjwal/Projects/PythonDjango/Lms_Api/lms/bookcopy/views.py changed, reloading.
Watching for file changes with StatReloader
Internal Server Error: /api/bookcopy/
Traceback (most recent call last):
  File "/home/prajjwal/Projects/PythonDjango/Lms_Api/venv/lib/python3.12/site-packages/django/core/handlers/exception.py", line 55, in inner
    response = get_response(request)
               ^^^^^^^^^^^^^^^^^^^^^
  File "/home/prajjwal/Projects/PythonDjango/Lms_Api/venv/lib/python3.12/site-packages/django/core/handlers/base.py", line 197, in _get_response
    response = wrapped_callback(request, *callback_args, **callback_kwargs)
               ^^^^^^^^^^^^^^^^^^^^^^^^^^^^^^^^^^^^^^^^^^^^^^^^^^^^^^^^^^^^
  File "/home/prajjwal/Projects/PythonDjango/Lms_Api/venv/lib/python3.12/site-packages/django/views/decorators/csrf.py", line 65, in _view_wrapper
    return view_func(request, *args, **kwargs)
           ^^^^^^^^^^^^^^^^^^^^^^^^^^^^^^^^^^^
  File "/home/prajjwal/Projects/PythonDjango/Lms_Api/venv/lib/python3.12/site-packages/rest_framework/viewsets.py", line 124, in view
    return self.dispatch(request, *args, **kwargs)
           ^^^^^^^^^^^^^^^^^^^^^^^^^^^^^^^^^^^^^^^
  File "/home/prajjwal/Projects/PythonDjango/Lms_Api/venv/lib/python3.12/site-packages/rest_framework/views.py", line 509, in dispatch
    response = self.handle_exception(exc)
               ^^^^^^^^^^^^^^^^^^^^^^^^^^
  File "/home/prajjwal/Projects/PythonDjango/Lms_Api/venv/lib/python3.12/site-packages/rest_framework/views.py", line 469, in handle_exception
    self.raise_uncaught_exception(exc)
  File "/home/prajjwal/Projects/PythonDjango/Lms_Api/venv/lib/python3.12/site-packages/rest_framework/views.py", line 480, in raise_uncaught_exception
    raise exc
  File "/home/prajjwal/Projects/PythonDjango/Lms_Api/venv/lib/python3.12/site-packages/rest_framework/views.py", line 506, in dispatch
    response = handler(request, *args, **kwargs)
               ^^^^^^^^^^^^^^^^^^^^^^^^^^^^^^^^^
  File "/home/prajjwal/Projects/PythonDjango/Lms_Api/lms/bookcopy/views.py", line 27, in create
    if book_copy is None or "error" in book_copy:
                            ^^^^^^^^^^^^^^^^^^^^
TypeError: argument of type 'BookCopy' is not iterable
"POST /api/bookcopy/ HTTP/1.1" 500 100542
"POST /api/login/ HTTP/1.1" 200 594
"GET /api/dashboard/test/ HTTP/1.1" 200 217
"GET /api/overdue-borrowers/ HTTP/1.1" 200 329
"GET /api/bookcopy/ HTTP/1.1" 200 345
"GET /api/book/?query=M HTTP/1.1" 200 260
"GET /api/book/?query=Mu HTTP/1.1" 200 132
"GET /api/book/?query=Mun HTTP/1.1" 200 132
Internal Server Error: /api/bookcopy/
Traceback (most recent call last):
  File "/home/prajjwal/Projects/PythonDjango/Lms_Api/venv/lib/python3.12/site-packages/django/core/handlers/exception.py", line 55, in inner
    response = get_response(request)
               ^^^^^^^^^^^^^^^^^^^^^
  File "/home/prajjwal/Projects/PythonDjango/Lms_Api/venv/lib/python3.12/site-packages/django/core/handlers/base.py", line 197, in _get_response
    response = wrapped_callback(request, *callback_args, **callback_kwargs)
               ^^^^^^^^^^^^^^^^^^^^^^^^^^^^^^^^^^^^^^^^^^^^^^^^^^^^^^^^^^^^
  File "/home/prajjwal/Projects/PythonDjango/Lms_Api/venv/lib/python3.12/site-packages/django/views/decorators/csrf.py", line 65, in _view_wrapper
    return view_func(request, *args, **kwargs)
           ^^^^^^^^^^^^^^^^^^^^^^^^^^^^^^^^^^^
  File "/home/prajjwal/Projects/PythonDjango/Lms_Api/venv/lib/python3.12/site-packages/rest_framework/viewsets.py", line 124, in view
    return self.dispatch(request, *args, **kwargs)
           ^^^^^^^^^^^^^^^^^^^^^^^^^^^^^^^^^^^^^^^
  File "/home/prajjwal/Projects/PythonDjango/Lms_Api/venv/lib/python3.12/site-packages/rest_framework/views.py", line 509, in dispatch
    response = self.handle_exception(exc)
               ^^^^^^^^^^^^^^^^^^^^^^^^^^
  File "/home/prajjwal/Projects/PythonDjango/Lms_Api/venv/lib/python3.12/site-packages/rest_framework/views.py", line 469, in handle_exception
    self.raise_uncaught_exception(exc)
  File "/home/prajjwal/Projects/PythonDjango/Lms_Api/venv/lib/python3.12/site-packages/rest_framework/views.py", line 480, in raise_uncaught_exception
    raise exc
  File "/home/prajjwal/Projects/PythonDjango/Lms_Api/venv/lib/python3.12/site-packages/rest_framework/views.py", line 506, in dispatch
    response = handler(request, *args, **kwargs)
               ^^^^^^^^^^^^^^^^^^^^^^^^^^^^^^^^^
  File "/home/prajjwal/Projects/PythonDjango/Lms_Api/lms/bookcopy/views.py", line 27, in create
    if book_copy is None or "error" in book_copy:
                            ^^^^^^^^^^^^^^^^^^^^
TypeError: argument of type 'BookCopy' is not iterable
"POST /api/bookcopy/ HTTP/1.1" 500 99459
"GET /api/bookcopy/ HTTP/1.1" 200 435
"GET /api/book/?query=M HTTP/1.1" 200 260
"GET /api/book/?query=Mu HTTP/1.1" 200 132
Internal Server Error: /api/bookcopy/
Traceback (most recent call last):
  File "/home/prajjwal/Projects/PythonDjango/Lms_Api/venv/lib/python3.12/site-packages/django/core/handlers/exception.py", line 55, in inner
    response = get_response(request)
               ^^^^^^^^^^^^^^^^^^^^^
  File "/home/prajjwal/Projects/PythonDjango/Lms_Api/venv/lib/python3.12/site-packages/django/core/handlers/base.py", line 197, in _get_response
    response = wrapped_callback(request, *callback_args, **callback_kwargs)
               ^^^^^^^^^^^^^^^^^^^^^^^^^^^^^^^^^^^^^^^^^^^^^^^^^^^^^^^^^^^^
  File "/home/prajjwal/Projects/PythonDjango/Lms_Api/venv/lib/python3.12/site-packages/django/views/decorators/csrf.py", line 65, in _view_wrapper
    return view_func(request, *args, **kwargs)
           ^^^^^^^^^^^^^^^^^^^^^^^^^^^^^^^^^^^
  File "/home/prajjwal/Projects/PythonDjango/Lms_Api/venv/lib/python3.12/site-packages/rest_framework/viewsets.py", line 124, in view
    return self.dispatch(request, *args, **kwargs)
           ^^^^^^^^^^^^^^^^^^^^^^^^^^^^^^^^^^^^^^^
  File "/home/prajjwal/Projects/PythonDjango/Lms_Api/venv/lib/python3.12/site-packages/rest_framework/views.py", line 509, in dispatch
    response = self.handle_exception(exc)
               ^^^^^^^^^^^^^^^^^^^^^^^^^^
  File "/home/prajjwal/Projects/PythonDjango/Lms_Api/venv/lib/python3.12/site-packages/rest_framework/views.py", line 469, in handle_exception
    self.raise_uncaught_exception(exc)
  File "/home/prajjwal/Projects/PythonDjango/Lms_Api/venv/lib/python3.12/site-packages/rest_framework/views.py", line 480, in raise_uncaught_exception
    raise exc
  File "/home/prajjwal/Projects/PythonDjango/Lms_Api/venv/lib/python3.12/site-packages/rest_framework/views.py", line 506, in dispatch
    response = handler(request, *args, **kwargs)
               ^^^^^^^^^^^^^^^^^^^^^^^^^^^^^^^^^
  File "/home/prajjwal/Projects/PythonDjango/Lms_Api/lms/bookcopy/views.py", line 27, in create
    if book_copy is None or "error" in book_copy:
                            ^^^^^^^^^^^^^^^^^^^^
TypeError: argument of type 'BookCopy' is not iterable
"POST /api/bookcopy/ HTTP/1.1" 500 100550
"GET /api/book/?query=r HTTP/1.1" 200 129
"GET /api/book/?query=ra HTTP/1.1" 200 129
Bad Request: /api/bookcopy/
"POST /api/bookcopy/ HTTP/1.1" 400 59
"GET /api/bookcopy/ HTTP/1.1" 200 525
"GET /api/book/ HTTP/1.1" 200 402
"GET /api/bookcopy/ HTTP/1.1" 200 525
"GET /api/book/?query=r HTTP/1.1" 200 129
"GET /api/book/?query=ra HTTP/1.1" 200 129
Internal Server Error: /api/bookcopy/
Traceback (most recent call last):
  File "/home/prajjwal/Projects/PythonDjango/Lms_Api/venv/lib/python3.12/site-packages/django/core/handlers/exception.py", line 55, in inner
    response = get_response(request)
               ^^^^^^^^^^^^^^^^^^^^^
  File "/home/prajjwal/Projects/PythonDjango/Lms_Api/venv/lib/python3.12/site-packages/django/core/handlers/base.py", line 197, in _get_response
    response = wrapped_callback(request, *callback_args, **callback_kwargs)
               ^^^^^^^^^^^^^^^^^^^^^^^^^^^^^^^^^^^^^^^^^^^^^^^^^^^^^^^^^^^^
  File "/home/prajjwal/Projects/PythonDjango/Lms_Api/venv/lib/python3.12/site-packages/django/views/decorators/csrf.py", line 65, in _view_wrapper
    return view_func(request, *args, **kwargs)
           ^^^^^^^^^^^^^^^^^^^^^^^^^^^^^^^^^^^
  File "/home/prajjwal/Projects/PythonDjango/Lms_Api/venv/lib/python3.12/site-packages/rest_framework/viewsets.py", line 124, in view
    return self.dispatch(request, *args, **kwargs)
           ^^^^^^^^^^^^^^^^^^^^^^^^^^^^^^^^^^^^^^^
  File "/home/prajjwal/Projects/PythonDjango/Lms_Api/venv/lib/python3.12/site-packages/rest_framework/views.py", line 509, in dispatch
    response = self.handle_exception(exc)
               ^^^^^^^^^^^^^^^^^^^^^^^^^^
  File "/home/prajjwal/Projects/PythonDjango/Lms_Api/venv/lib/python3.12/site-packages/rest_framework/views.py", line 469, in handle_exception
    self.raise_uncaught_exception(exc)
  File "/home/prajjwal/Projects/PythonDjango/Lms_Api/venv/lib/python3.12/site-packages/rest_framework/views.py", line 480, in raise_uncaught_exception
    raise exc
  File "/home/prajjwal/Projects/PythonDjango/Lms_Api/venv/lib/python3.12/site-packages/rest_framework/views.py", line 506, in dispatch
    response = handler(request, *args, **kwargs)
               ^^^^^^^^^^^^^^^^^^^^^^^^^^^^^^^^^
  File "/home/prajjwal/Projects/PythonDjango/Lms_Api/lms/bookcopy/views.py", line 27, in create
    if book_copy is None or "error" in book_copy:
                            ^^^^^^^^^^^^^^^^^^^^
TypeError: argument of type 'BookCopy' is not iterable
"POST /api/bookcopy/ HTTP/1.1" 500 100546
"GET /api/bookcopy/ HTTP/1.1" 200 611
"POST /api/login/ HTTP/1.1" 200 594
"GET /api/dashboard/test/ HTTP/1.1" 200 217
"GET /api/overdue-borrowers/ HTTP/1.1" 200 329
"GET /api/bookcopy/ HTTP/1.1" 200 611
"GET /api/book/?query=r HTTP/1.1" 200 129
"GET /api/book/?query=ra HTTP/1.1" 200 129
Internal Server Error: /api/bookcopy/
Traceback (most recent call last):
  File "/home/prajjwal/Projects/PythonDjango/Lms_Api/venv/lib/python3.12/site-packages/django/core/handlers/exception.py", line 55, in inner
    response = get_response(request)
               ^^^^^^^^^^^^^^^^^^^^^
  File "/home/prajjwal/Projects/PythonDjango/Lms_Api/venv/lib/python3.12/site-packages/django/core/handlers/base.py", line 197, in _get_response
    response = wrapped_callback(request, *callback_args, **callback_kwargs)
               ^^^^^^^^^^^^^^^^^^^^^^^^^^^^^^^^^^^^^^^^^^^^^^^^^^^^^^^^^^^^
  File "/home/prajjwal/Projects/PythonDjango/Lms_Api/venv/lib/python3.12/site-packages/django/views/decorators/csrf.py", line 65, in _view_wrapper
    return view_func(request, *args, **kwargs)
           ^^^^^^^^^^^^^^^^^^^^^^^^^^^^^^^^^^^
  File "/home/prajjwal/Projects/PythonDjango/Lms_Api/venv/lib/python3.12/site-packages/rest_framework/viewsets.py", line 124, in view
    return self.dispatch(request, *args, **kwargs)
           ^^^^^^^^^^^^^^^^^^^^^^^^^^^^^^^^^^^^^^^
  File "/home/prajjwal/Projects/PythonDjango/Lms_Api/venv/lib/python3.12/site-packages/rest_framework/views.py", line 509, in dispatch
    response = self.handle_exception(exc)
               ^^^^^^^^^^^^^^^^^^^^^^^^^^
  File "/home/prajjwal/Projects/PythonDjango/Lms_Api/venv/lib/python3.12/site-packages/rest_framework/views.py", line 469, in handle_exception
    self.raise_uncaught_exception(exc)
  File "/home/prajjwal/Projects/PythonDjango/Lms_Api/venv/lib/python3.12/site-packages/rest_framework/views.py", line 480, in raise_uncaught_exception
    raise exc
  File "/home/prajjwal/Projects/PythonDjango/Lms_Api/venv/lib/python3.12/site-packages/rest_framework/views.py", line 506, in dispatch
    response = handler(request, *args, **kwargs)
               ^^^^^^^^^^^^^^^^^^^^^^^^^^^^^^^^^
  File "/home/prajjwal/Projects/PythonDjango/Lms_Api/lms/bookcopy/views.py", line 27, in create
    if book_copy is None or "error" in book_copy:
                            ^^^^^^^^^^^^^^^^^^^^
TypeError: argument of type 'BookCopy' is not iterable
"POST /api/bookcopy/ HTTP/1.1" 500 99453
/home/prajjwal/Projects/PythonDjango/Lms_Api/lms/bookcopy/views.py changed, reloading.
Watching for file changes with StatReloader
"GET /api/bookcopy/ HTTP/1.1" 200 696
"GET /api/book/?query=f HTTP/1.1" 200 143
Internal Server Error: /api/bookcopy/
Traceback (most recent call last):
  File "/home/prajjwal/Projects/PythonDjango/Lms_Api/venv/lib/python3.12/site-packages/django/core/handlers/exception.py", line 55, in inner
    response = get_response(request)
               ^^^^^^^^^^^^^^^^^^^^^
  File "/home/prajjwal/Projects/PythonDjango/Lms_Api/venv/lib/python3.12/site-packages/django/core/handlers/base.py", line 197, in _get_response
    response = wrapped_callback(request, *callback_args, **callback_kwargs)
               ^^^^^^^^^^^^^^^^^^^^^^^^^^^^^^^^^^^^^^^^^^^^^^^^^^^^^^^^^^^^
  File "/home/prajjwal/Projects/PythonDjango/Lms_Api/venv/lib/python3.12/site-packages/django/views/decorators/csrf.py", line 65, in _view_wrapper
    return view_func(request, *args, **kwargs)
           ^^^^^^^^^^^^^^^^^^^^^^^^^^^^^^^^^^^
  File "/home/prajjwal/Projects/PythonDjango/Lms_Api/venv/lib/python3.12/site-packages/rest_framework/viewsets.py", line 124, in view
    return self.dispatch(request, *args, **kwargs)
           ^^^^^^^^^^^^^^^^^^^^^^^^^^^^^^^^^^^^^^^
  File "/home/prajjwal/Projects/PythonDjango/Lms_Api/venv/lib/python3.12/site-packages/rest_framework/views.py", line 509, in dispatch
    response = self.handle_exception(exc)
               ^^^^^^^^^^^^^^^^^^^^^^^^^^
  File "/home/prajjwal/Projects/PythonDjango/Lms_Api/venv/lib/python3.12/site-packages/rest_framework/views.py", line 469, in handle_exception
    self.raise_uncaught_exception(exc)
  File "/home/prajjwal/Projects/PythonDjango/Lms_Api/venv/lib/python3.12/site-packages/rest_framework/views.py", line 480, in raise_uncaught_exception
    raise exc
  File "/home/prajjwal/Projects/PythonDjango/Lms_Api/venv/lib/python3.12/site-packages/rest_framework/views.py", line 506, in dispatch
    response = handler(request, *args, **kwargs)
               ^^^^^^^^^^^^^^^^^^^^^^^^^^^^^^^^^
  File "/home/prajjwal/Projects/PythonDjango/Lms_Api/lms/bookcopy/views.py", line 27, in create
    if book_copy is None or "error" in book_copy:
                            ^^^^^^^^^^^^^^^^^^^^
TypeError: argument of type 'BookCopy' is not iterable
"POST /api/bookcopy/ HTTP/1.1" 500 100510
"GET /api/book/?query=f HTTP/1.1" 200 143
Internal Server Error: /api/bookcopy/
Traceback (most recent call last):
  File "/home/prajjwal/Projects/PythonDjango/Lms_Api/venv/lib/python3.12/site-packages/django/core/handlers/exception.py", line 55, in inner
    response = get_response(request)
               ^^^^^^^^^^^^^^^^^^^^^
  File "/home/prajjwal/Projects/PythonDjango/Lms_Api/venv/lib/python3.12/site-packages/django/core/handlers/base.py", line 197, in _get_response
    response = wrapped_callback(request, *callback_args, **callback_kwargs)
               ^^^^^^^^^^^^^^^^^^^^^^^^^^^^^^^^^^^^^^^^^^^^^^^^^^^^^^^^^^^^
  File "/home/prajjwal/Projects/PythonDjango/Lms_Api/venv/lib/python3.12/site-packages/django/views/decorators/csrf.py", line 65, in _view_wrapper
    return view_func(request, *args, **kwargs)
           ^^^^^^^^^^^^^^^^^^^^^^^^^^^^^^^^^^^
  File "/home/prajjwal/Projects/PythonDjango/Lms_Api/venv/lib/python3.12/site-packages/rest_framework/viewsets.py", line 124, in view
    return self.dispatch(request, *args, **kwargs)
           ^^^^^^^^^^^^^^^^^^^^^^^^^^^^^^^^^^^^^^^
  File "/home/prajjwal/Projects/PythonDjango/Lms_Api/venv/lib/python3.12/site-packages/rest_framework/views.py", line 509, in dispatch
    response = self.handle_exception(exc)
               ^^^^^^^^^^^^^^^^^^^^^^^^^^
  File "/home/prajjwal/Projects/PythonDjango/Lms_Api/venv/lib/python3.12/site-packages/rest_framework/views.py", line 469, in handle_exception
    self.raise_uncaught_exception(exc)
  File "/home/prajjwal/Projects/PythonDjango/Lms_Api/venv/lib/python3.12/site-packages/rest_framework/views.py", line 480, in raise_uncaught_exception
    raise exc
  File "/home/prajjwal/Projects/PythonDjango/Lms_Api/venv/lib/python3.12/site-packages/rest_framework/views.py", line 506, in dispatch
    response = handler(request, *args, **kwargs)
               ^^^^^^^^^^^^^^^^^^^^^^^^^^^^^^^^^
  File "/home/prajjwal/Projects/PythonDjango/Lms_Api/lms/bookcopy/views.py", line 27, in create
    if book_copy is None or "error" in book_copy:
                            ^^^^^^^^^^^^^^^^^^^^
TypeError: argument of type 'BookCopy' is not iterable
"POST /api/bookcopy/ HTTP/1.1" 500 100502
Internal Server Error: /api/bookcopy/
Traceback (most recent call last):
  File "/home/prajjwal/Projects/PythonDjango/Lms_Api/venv/lib/python3.12/site-packages/django/core/handlers/exception.py", line 55, in inner
    response = get_response(request)
               ^^^^^^^^^^^^^^^^^^^^^
  File "/home/prajjwal/Projects/PythonDjango/Lms_Api/venv/lib/python3.12/site-packages/django/core/handlers/base.py", line 197, in _get_response
    response = wrapped_callback(request, *callback_args, **callback_kwargs)
               ^^^^^^^^^^^^^^^^^^^^^^^^^^^^^^^^^^^^^^^^^^^^^^^^^^^^^^^^^^^^
  File "/home/prajjwal/Projects/PythonDjango/Lms_Api/venv/lib/python3.12/site-packages/django/views/decorators/csrf.py", line 65, in _view_wrapper
    return view_func(request, *args, **kwargs)
           ^^^^^^^^^^^^^^^^^^^^^^^^^^^^^^^^^^^
  File "/home/prajjwal/Projects/PythonDjango/Lms_Api/venv/lib/python3.12/site-packages/rest_framework/viewsets.py", line 124, in view
    return self.dispatch(request, *args, **kwargs)
           ^^^^^^^^^^^^^^^^^^^^^^^^^^^^^^^^^^^^^^^
  File "/home/prajjwal/Projects/PythonDjango/Lms_Api/venv/lib/python3.12/site-packages/rest_framework/views.py", line 509, in dispatch
    response = self.handle_exception(exc)
               ^^^^^^^^^^^^^^^^^^^^^^^^^^
  File "/home/prajjwal/Projects/PythonDjango/Lms_Api/venv/lib/python3.12/site-packages/rest_framework/views.py", line 469, in handle_exception
    self.raise_uncaught_exception(exc)
  File "/home/prajjwal/Projects/PythonDjango/Lms_Api/venv/lib/python3.12/site-packages/rest_framework/views.py", line 480, in raise_uncaught_exception
    raise exc
  File "/home/prajjwal/Projects/PythonDjango/Lms_Api/venv/lib/python3.12/site-packages/rest_framework/views.py", line 506, in dispatch
    response = handler(request, *args, **kwargs)
               ^^^^^^^^^^^^^^^^^^^^^^^^^^^^^^^^^
  File "/home/prajjwal/Projects/PythonDjango/Lms_Api/lms/bookcopy/views.py", line 27, in create
    if book_copy is None or "error" in book_copy:
                            ^^^^^^^^^^^^^^^^^^^^
TypeError: argument of type 'BookCopy' is not iterable
"POST /api/bookcopy/ HTTP/1.1" 500 99903
/home/prajjwal/Projects/PythonDjango/Lms_Api/lms/bookcopy/views.py changed, reloading.
Watching for file changes with StatReloader
/home/prajjwal/Projects/PythonDjango/Lms_Api/lms/bookcopy/views.py changed, reloading.
Watching for file changes with StatReloader
Bad Request: /api/bookcopy/
"POST /api/bookcopy/ HTTP/1.1" 400 59
"POST /api/bookcopy/ HTTP/1.1" 201 0
/home/prajjwal/Projects/PythonDjango/Lms_Api/lms/bookcopy/views.py changed, reloading.
Watching for file changes with StatReloader
/home/prajjwal/Projects/PythonDjango/Lms_Api/lms/bookcopy/views.py changed, reloading.
Watching for file changes with StatReloader
Internal Server Error: /api/bookcopy/
Traceback (most recent call last):
  File "/home/prajjwal/Projects/PythonDjango/Lms_Api/venv/lib/python3.12/site-packages/django/core/handlers/exception.py", line 55, in inner
    response = get_response(request)
               ^^^^^^^^^^^^^^^^^^^^^
  File "/home/prajjwal/Projects/PythonDjango/Lms_Api/venv/lib/python3.12/site-packages/django/core/handlers/base.py", line 197, in _get_response
    response = wrapped_callback(request, *callback_args, **callback_kwargs)
               ^^^^^^^^^^^^^^^^^^^^^^^^^^^^^^^^^^^^^^^^^^^^^^^^^^^^^^^^^^^^
  File "/home/prajjwal/Projects/PythonDjango/Lms_Api/venv/lib/python3.12/site-packages/django/views/decorators/csrf.py", line 65, in _view_wrapper
    return view_func(request, *args, **kwargs)
           ^^^^^^^^^^^^^^^^^^^^^^^^^^^^^^^^^^^
  File "/home/prajjwal/Projects/PythonDjango/Lms_Api/venv/lib/python3.12/site-packages/rest_framework/viewsets.py", line 124, in view
    return self.dispatch(request, *args, **kwargs)
           ^^^^^^^^^^^^^^^^^^^^^^^^^^^^^^^^^^^^^^^
  File "/home/prajjwal/Projects/PythonDjango/Lms_Api/venv/lib/python3.12/site-packages/rest_framework/views.py", line 509, in dispatch
    response = self.handle_exception(exc)
               ^^^^^^^^^^^^^^^^^^^^^^^^^^
  File "/home/prajjwal/Projects/PythonDjango/Lms_Api/venv/lib/python3.12/site-packages/rest_framework/views.py", line 469, in handle_exception
    self.raise_uncaught_exception(exc)
  File "/home/prajjwal/Projects/PythonDjango/Lms_Api/venv/lib/python3.12/site-packages/rest_framework/views.py", line 480, in raise_uncaught_exception
    raise exc
  File "/home/prajjwal/Projects/PythonDjango/Lms_Api/venv/lib/python3.12/site-packages/rest_framework/views.py", line 506, in dispatch
    response = handler(request, *args, **kwargs)
               ^^^^^^^^^^^^^^^^^^^^^^^^^^^^^^^^^
  File "/home/prajjwal/Projects/PythonDjango/Lms_Api/lms/bookcopy/views.py", line 31, in create
    return Response(BookCopyResponse(book_copy),status=status.HTTP_201_CREATED)
           ^^^^^^^^^^^^^^^^^^^^^^^^^^^^^^^^^^^^^^^^^^^^^^^^^^^^^^^^^^^^^^^^^^^^
  File "/home/prajjwal/Projects/PythonDjango/Lms_Api/venv/lib/python3.12/site-packages/rest_framework/response.py", line 38, in __init__
    raise AssertionError(msg)
AssertionError: You passed a Serializer instance as data, but probably meant to pass serialized `.data` or `.error`. representation.
"POST /api/bookcopy/ HTTP/1.1" 500 105944
/home/prajjwal/Projects/PythonDjango/Lms_Api/lms/bookcopy/views.py changed, reloading.
Watching for file changes with StatReloader
"POST /api/bookcopy/ HTTP/1.1" 201 86
"GET /api/bookcopy/ HTTP/1.1" 200 1231
"GET /api/bookcopy/342432/ HTTP/1.1" 200 47
"GET /api/bookcopy/34234/ HTTP/1.1" 200 46
"GET /api/book/?query=R HTTP/1.1" 200 129
"GET /api/book/?query=Ra HTTP/1.1" 200 129
Internal Server Error: /api/bookcopy/34234/
Traceback (most recent call last):
  File "/home/prajjwal/Projects/PythonDjango/Lms_Api/venv/lib/python3.12/site-packages/django/core/handlers/exception.py", line 55, in inner
    response = get_response(request)
               ^^^^^^^^^^^^^^^^^^^^^
  File "/home/prajjwal/Projects/PythonDjango/Lms_Api/venv/lib/python3.12/site-packages/django/core/handlers/base.py", line 197, in _get_response
    response = wrapped_callback(request, *callback_args, **callback_kwargs)
               ^^^^^^^^^^^^^^^^^^^^^^^^^^^^^^^^^^^^^^^^^^^^^^^^^^^^^^^^^^^^
  File "/home/prajjwal/Projects/PythonDjango/Lms_Api/venv/lib/python3.12/site-packages/django/views/decorators/csrf.py", line 65, in _view_wrapper
    return view_func(request, *args, **kwargs)
           ^^^^^^^^^^^^^^^^^^^^^^^^^^^^^^^^^^^
  File "/home/prajjwal/Projects/PythonDjango/Lms_Api/venv/lib/python3.12/site-packages/rest_framework/viewsets.py", line 124, in view
    return self.dispatch(request, *args, **kwargs)
           ^^^^^^^^^^^^^^^^^^^^^^^^^^^^^^^^^^^^^^^
  File "/home/prajjwal/Projects/PythonDjango/Lms_Api/venv/lib/python3.12/site-packages/rest_framework/views.py", line 509, in dispatch
    response = self.handle_exception(exc)
               ^^^^^^^^^^^^^^^^^^^^^^^^^^
  File "/home/prajjwal/Projects/PythonDjango/Lms_Api/venv/lib/python3.12/site-packages/rest_framework/views.py", line 469, in handle_exception
    self.raise_uncaught_exception(exc)
  File "/home/prajjwal/Projects/PythonDjango/Lms_Api/venv/lib/python3.12/site-packages/rest_framework/views.py", line 480, in raise_uncaught_exception
    raise exc
  File "/home/prajjwal/Projects/PythonDjango/Lms_Api/venv/lib/python3.12/site-packages/rest_framework/views.py", line 506, in dispatch
    response = handler(request, *args, **kwargs)
               ^^^^^^^^^^^^^^^^^^^^^^^^^^^^^^^^^
  File "/home/prajjwal/Projects/PythonDjango/Lms_Api/lms/bookcopy/views.py", line 58, in update
    updated_book_copy = service.update_book_copy(pk, serializer.validated_data)
                        ^^^^^^^^^^^^^^^^^^^^^^^^^^^^^^^^^^^^^^^^^^^^^^^^^^^^^^^
  File "/home/prajjwal/Projects/PythonDjango/Lms_Api/lms/bookcopy/services.py", line 24, in update_book_copy
    book_copy = self.repo.get_book_copy_by_id(barcode)
                ^^^^^^^^^^^^^^^^^^^^^^^^^^^^^
AttributeError: 'BookCopyRepository' object has no attribute 'get_book_copy_by_id'. Did you mean: 'get_book_copy_by_barcode'?
"PUT /api/bookcopy/34234/ HTTP/1.1" 500 103906
code 400, message Bad request syntax ('2E')
"2E" 400 -
"GET /api/bookcopy/ HTTP/1.1" 200 1231
"GET /api/bookcopy/342432/ HTTP/1.1" 200 47
"GET /api/book/?query=f HTTP/1.1" 200 143
"GET /api/bookcopy/ HTTP/1.1" 200 1231
"GET /api/bookcopy/34234/ HTTP/1.1" 200 46
"GET /api/book/?query=r HTTP/1.1" 200 129
Internal Server Error: /api/bookcopy/34234/
Traceback (most recent call last):
  File "/home/prajjwal/Projects/PythonDjango/Lms_Api/venv/lib/python3.12/site-packages/django/core/handlers/exception.py", line 55, in inner
    response = get_response(request)
               ^^^^^^^^^^^^^^^^^^^^^
  File "/home/prajjwal/Projects/PythonDjango/Lms_Api/venv/lib/python3.12/site-packages/django/core/handlers/base.py", line 197, in _get_response
    response = wrapped_callback(request, *callback_args, **callback_kwargs)
               ^^^^^^^^^^^^^^^^^^^^^^^^^^^^^^^^^^^^^^^^^^^^^^^^^^^^^^^^^^^^
  File "/home/prajjwal/Projects/PythonDjango/Lms_Api/venv/lib/python3.12/site-packages/django/views/decorators/csrf.py", line 65, in _view_wrapper
    return view_func(request, *args, **kwargs)
           ^^^^^^^^^^^^^^^^^^^^^^^^^^^^^^^^^^^
  File "/home/prajjwal/Projects/PythonDjango/Lms_Api/venv/lib/python3.12/site-packages/rest_framework/viewsets.py", line 124, in view
    return self.dispatch(request, *args, **kwargs)
           ^^^^^^^^^^^^^^^^^^^^^^^^^^^^^^^^^^^^^^^
  File "/home/prajjwal/Projects/PythonDjango/Lms_Api/venv/lib/python3.12/site-packages/rest_framework/views.py", line 509, in dispatch
    response = self.handle_exception(exc)
               ^^^^^^^^^^^^^^^^^^^^^^^^^^
  File "/home/prajjwal/Projects/PythonDjango/Lms_Api/venv/lib/python3.12/site-packages/rest_framework/views.py", line 469, in handle_exception
    self.raise_uncaught_exception(exc)
  File "/home/prajjwal/Projects/PythonDjango/Lms_Api/venv/lib/python3.12/site-packages/rest_framework/views.py", line 480, in raise_uncaught_exception
    raise exc
  File "/home/prajjwal/Projects/PythonDjango/Lms_Api/venv/lib/python3.12/site-packages/rest_framework/views.py", line 506, in dispatch
    response = handler(request, *args, **kwargs)
               ^^^^^^^^^^^^^^^^^^^^^^^^^^^^^^^^^
  File "/home/prajjwal/Projects/PythonDjango/Lms_Api/lms/bookcopy/views.py", line 58, in update
    updated_book_copy = service.update_book_copy(pk, serializer.validated_data)
                        ^^^^^^^^^^^^^^^^^^^^^^^^^^^^^^^^^^^^^^^^^^^^^^^^^^^^^^^
  File "/home/prajjwal/Projects/PythonDjango/Lms_Api/lms/bookcopy/services.py", line 24, in update_book_copy
    book_copy = self.repo.get_book_copy_by_id(barcode)
                ^^^^^^^^^^^^^^^^^^^^^^^^^^^^^
AttributeError: 'BookCopyRepository' object has no attribute 'get_book_copy_by_id'. Did you mean: 'get_book_copy_by_barcode'?
"PUT /api/bookcopy/34234/ HTTP/1.1" 500 104767
code 400, message Bad request syntax ('2E')
"2E" 400 -
/home/prajjwal/Projects/PythonDjango/Lms_Api/lms/bookcopy/services.py changed, reloading.
Watching for file changes with StatReloader
"GET /api/bookcopy/ HTTP/1.1" 200 1231
"GET /api/bookcopy/23123/ HTTP/1.1" 200 46
"GET /api/book/?query=r HTTP/1.1" 200 129
"GET /api/book/?query=ra HTTP/1.1" 200 129
"PUT /api/bookcopy/23123/ HTTP/1.1" 200 46
code 400, message Bad request syntax ('2E')
"2E" 400 -
"GET /api/bookcopy/ HTTP/1.1" 200 1231
"PUT /api/bookcopy/343242423/ HTTP/1.1" 200 50
"GET /api/bookcopy/ HTTP/1.1" 200 1228
"GET /api/bookcopy/343242423/ HTTP/1.1" 200 50
"GET /api/book/?query=f HTTP/1.1" 200 143
"PUT /api/bookcopy/343242423/ HTTP/1.1" 200 50
code 400, message Bad request syntax ('32')
"32" 400 -
"GET /api/bookcopy/ HTTP/1.1" 200 1228
"GET /api/bookcopy/ HTTP/1.1" 200 1228
"DELETE /api/bookcopy/343242423/ HTTP/1.1" 204 44
"GET /api/bookcopy/ HTTP/1.1" 200 1140
Method Not Allowed: /api/student/
"GET /api/student/ HTTP/1.1" 405 40
/home/prajjwal/Projects/PythonDjango/Lms_Api/lms/student/views.py changed, reloading.
Watching for file changes with StatReloader
"GET /api/student/ HTTP/1.1" 200 469
"GET /api/student/?query=di HTTP/1.1" 200 230
"GET /api/student/ HTTP/1.1" 200 469
"GET /api/student/ HTTP/1.1" 200 469
"GET /api/student/ HTTP/1.1" 200 469
"POST /api/login/ HTTP/1.1" 200 594
"GET /api/dashboard/test/ HTTP/1.1" 200 218
"GET /api/overdue-borrowers/ HTTP/1.1" 200 329
"GET /api/student/ HTTP/1.1" 200 469
"GET /api/student/ HTTP/1.1" 200 469
"GET /api/student/1/ HTTP/1.1" 200 228
"PUT /api/student/1/ HTTP/1.1" 200 228
"GET /api/student/ HTTP/1.1" 200 469
Bad Request: /api/student/
"POST /api/student/ HTTP/1.1" 400 72
"GET /api/student/ HTTP/1.1" 200 469
"POST /api/login/ HTTP/1.1" 200 594
"GET /api/dashboard/test/ HTTP/1.1" 200 218
"GET /api/overdue-borrowers/ HTTP/1.1" 200 329
Bad Request: /api/student/
"POST /api/student/ HTTP/1.1" 400 72
code 400, message Bad request syntax ('89')
"89" 400 -
/home/prajjwal/Projects/PythonDjango/Lms_Api/lms/student/views.py changed, reloading.
Watching for file changes with StatReloader
/home/prajjwal/Projects/PythonDjango/Lms_Api/lms/student/views.py changed, reloading.
Watching for file changes with StatReloader
"POST /api/student/ HTTP/1.1" 201 227
"POST /api/student/ HTTP/1.1" 201 186
code 400, message Bad request syntax ('89')
"89" 400 -
"GET /api/student/ HTTP/1.1" 200 884
"GET /api/student/ HTTP/1.1" 200 884
"GET /api/student/4/ HTTP/1.1" 200 186
"GET /api/student/4/ HTTP/1.1" 200 186
Internal Server Error: /api/student/
Traceback (most recent call last):
  File "/home/prajjwal/Projects/PythonDjango/Lms_Api/venv/lib/python3.12/site-packages/django/db/backends/utils.py", line 105, in _execute
    return self.cursor.execute(sql, params)
           ^^^^^^^^^^^^^^^^^^^^^^^^^^^^^^^^
  File "/home/prajjwal/Projects/PythonDjango/Lms_Api/venv/lib/python3.12/site-packages/psycopg/cursor.py", line 97, in execute
    raise ex.with_traceback(None)
psycopg.errors.UniqueViolation: duplicate key value violates unique constraint "Students_email_key"
DETAIL:  Key (email)=() already exists.

The above exception was the direct cause of the following exception:

Traceback (most recent call last):
  File "/home/prajjwal/Projects/PythonDjango/Lms_Api/venv/lib/python3.12/site-packages/django/core/handlers/exception.py", line 55, in inner
    response = get_response(request)
               ^^^^^^^^^^^^^^^^^^^^^
  File "/home/prajjwal/Projects/PythonDjango/Lms_Api/venv/lib/python3.12/site-packages/django/core/handlers/base.py", line 197, in _get_response
    response = wrapped_callback(request, *callback_args, **callback_kwargs)
               ^^^^^^^^^^^^^^^^^^^^^^^^^^^^^^^^^^^^^^^^^^^^^^^^^^^^^^^^^^^^
  File "/home/prajjwal/Projects/PythonDjango/Lms_Api/venv/lib/python3.12/site-packages/django/views/decorators/csrf.py", line 65, in _view_wrapper
    return view_func(request, *args, **kwargs)
           ^^^^^^^^^^^^^^^^^^^^^^^^^^^^^^^^^^^
  File "/home/prajjwal/Projects/PythonDjango/Lms_Api/venv/lib/python3.12/site-packages/rest_framework/viewsets.py", line 124, in view
    return self.dispatch(request, *args, **kwargs)
           ^^^^^^^^^^^^^^^^^^^^^^^^^^^^^^^^^^^^^^^
  File "/home/prajjwal/Projects/PythonDjango/Lms_Api/venv/lib/python3.12/site-packages/rest_framework/views.py", line 509, in dispatch
    response = self.handle_exception(exc)
               ^^^^^^^^^^^^^^^^^^^^^^^^^^
  File "/home/prajjwal/Projects/PythonDjango/Lms_Api/venv/lib/python3.12/site-packages/rest_framework/views.py", line 469, in handle_exception
    self.raise_uncaught_exception(exc)
  File "/home/prajjwal/Projects/PythonDjango/Lms_Api/venv/lib/python3.12/site-packages/rest_framework/views.py", line 480, in raise_uncaught_exception
    raise exc
  File "/home/prajjwal/Projects/PythonDjango/Lms_Api/venv/lib/python3.12/site-packages/rest_framework/views.py", line 506, in dispatch
    response = handler(request, *args, **kwargs)
               ^^^^^^^^^^^^^^^^^^^^^^^^^^^^^^^^^
  File "/home/prajjwal/Projects/PythonDjango/Lms_Api/lms/student/views.py", line 24, in create
    student = service.add_student(validated_data)
              ^^^^^^^^^^^^^^^^^^^^^^^^^^^^^^^^^^^
  File "/home/prajjwal/Projects/PythonDjango/Lms_Api/lms/student/services.py", line 9, in add_student
    return self.repo.create_student(student_data)
           ^^^^^^^^^^^^^^^^^^^^^^^^^^^^^^^^^^^^^^
  File "/home/prajjwal/Projects/PythonDjango/Lms_Api/lms/student/repositories.py", line 8, in create_student
    return Student.objects.create(**student_data)
           ^^^^^^^^^^^^^^^^^^^^^^^^^^^^^^^^^^^^^^
  File "/home/prajjwal/Projects/PythonDjango/Lms_Api/venv/lib/python3.12/site-packages/django/db/models/manager.py", line 87, in manager_method
    return getattr(self.get_queryset(), name)(*args, **kwargs)
           ^^^^^^^^^^^^^^^^^^^^^^^^^^^^^^^^^^^^^^^^^^^^^^^^^^^
  File "/home/prajjwal/Projects/PythonDjango/Lms_Api/venv/lib/python3.12/site-packages/django/db/models/query.py", line 679, in create
    obj.save(force_insert=True, using=self.db)
  File "/home/prajjwal/Projects/PythonDjango/Lms_Api/venv/lib/python3.12/site-packages/django/db/models/base.py", line 892, in save
    self.save_base(
  File "/home/prajjwal/Projects/PythonDjango/Lms_Api/venv/lib/python3.12/site-packages/django/db/models/base.py", line 998, in save_base
    updated = self._save_table(
              ^^^^^^^^^^^^^^^^^
  File "/home/prajjwal/Projects/PythonDjango/Lms_Api/venv/lib/python3.12/site-packages/django/db/models/base.py", line 1161, in _save_table
    results = self._do_insert(
              ^^^^^^^^^^^^^^^^
  File "/home/prajjwal/Projects/PythonDjango/Lms_Api/venv/lib/python3.12/site-packages/django/db/models/base.py", line 1202, in _do_insert
    return manager._insert(
           ^^^^^^^^^^^^^^^^
  File "/home/prajjwal/Projects/PythonDjango/Lms_Api/venv/lib/python3.12/site-packages/django/db/models/manager.py", line 87, in manager_method
    return getattr(self.get_queryset(), name)(*args, **kwargs)
           ^^^^^^^^^^^^^^^^^^^^^^^^^^^^^^^^^^^^^^^^^^^^^^^^^^^
  File "/home/prajjwal/Projects/PythonDjango/Lms_Api/venv/lib/python3.12/site-packages/django/db/models/query.py", line 1847, in _insert
    return query.get_compiler(using=using).execute_sql(returning_fields)
           ^^^^^^^^^^^^^^^^^^^^^^^^^^^^^^^^^^^^^^^^^^^^^^^^^^^^^^^^^^^^^
  File "/home/prajjwal/Projects/PythonDjango/Lms_Api/venv/lib/python3.12/site-packages/django/db/models/sql/compiler.py", line 1836, in execute_sql
    cursor.execute(sql, params)
  File "/home/prajjwal/Projects/PythonDjango/Lms_Api/venv/lib/python3.12/site-packages/django/db/backends/utils.py", line 122, in execute
    return super().execute(sql, params)
           ^^^^^^^^^^^^^^^^^^^^^^^^^^^^
  File "/home/prajjwal/Projects/PythonDjango/Lms_Api/venv/lib/python3.12/site-packages/django/db/backends/utils.py", line 79, in execute
    return self._execute_with_wrappers(
           ^^^^^^^^^^^^^^^^^^^^^^^^^^^^
  File "/home/prajjwal/Projects/PythonDjango/Lms_Api/venv/lib/python3.12/site-packages/django/db/backends/utils.py", line 92, in _execute_with_wrappers
    return executor(sql, params, many, context)
           ^^^^^^^^^^^^^^^^^^^^^^^^^^^^^^^^^^^^
  File "/home/prajjwal/Projects/PythonDjango/Lms_Api/venv/lib/python3.12/site-packages/django/db/backends/utils.py", line 100, in _execute
    with self.db.wrap_database_errors:
  File "/home/prajjwal/Projects/PythonDjango/Lms_Api/venv/lib/python3.12/site-packages/django/db/utils.py", line 91, in __exit__
    raise dj_exc_value.with_traceback(traceback) from exc_value
  File "/home/prajjwal/Projects/PythonDjango/Lms_Api/venv/lib/python3.12/site-packages/django/db/backends/utils.py", line 105, in _execute
    return self.cursor.execute(sql, params)
           ^^^^^^^^^^^^^^^^^^^^^^^^^^^^^^^^
  File "/home/prajjwal/Projects/PythonDjango/Lms_Api/venv/lib/python3.12/site-packages/psycopg/cursor.py", line 97, in execute
    raise ex.with_traceback(None)
django.db.utils.IntegrityError: duplicate key value violates unique constraint "Students_email_key"
DETAIL:  Key (email)=() already exists.
code 400, message Bad request syntax ('89')
"89" 400 -
- Broken pipe from ('127.0.0.1', 40822)
/home/prajjwal/Projects/PythonDjango/Lms_Api/lms/student/views.py changed, reloading.
Watching for file changes with StatReloader
/home/prajjwal/Projects/PythonDjango/Lms_Api/lms/student/serializers.py changed, reloading.
Watching for file changes with StatReloader
Bad Request: /api/student/
"POST /api/student/ HTTP/1.1" 400 72
code 400, message Bad request syntax ('89')
"89" 400 -
"POST /api/login/ HTTP/1.1" 200 594
"GET /api/dashboard/test/ HTTP/1.1" 200 218
"GET /api/overdue-borrowers/ HTTP/1.1" 200 329
"GET /api/student/ HTTP/1.1" 200 388
Bad Request: /api/student/
code 400, message Bad request syntax ('79')
"79" 400 -
- Broken pipe from ('127.0.0.1', 40374)
"POST /api/login/ HTTP/1.1" 200 594
"GET /api/dashboard/test/ HTTP/1.1" 200 218
"GET /api/overdue-borrowers/ HTTP/1.1" 200 329
"GET /api/student/ HTTP/1.1" 200 388
Bad Request: /api/student/
"POST /api/student/ HTTP/1.1" 400 72
code 400, message Bad request syntax ('50')
"50" 400 -
Bad Request: /api/student/
code 400, message Bad request syntax ('50')
"50" 400 -
- Broken pipe from ('127.0.0.1', 48450)
"POST /api/login/ HTTP/1.1" 200 594
"GET /api/dashboard/test/ HTTP/1.1" 200 218
"GET /api/overdue-borrowers/ HTTP/1.1" 200 329
"GET /api/student/ HTTP/1.1" 200 388
"POST /api/student/ HTTP/1.1" 201 122
"GET /api/student/ HTTP/1.1" 200 511
Internal Server Error: /api/student/0/
Traceback (most recent call last):
  File "/home/prajjwal/Projects/PythonDjango/Lms_Api/venv/lib/python3.12/site-packages/django/core/handlers/exception.py", line 55, in inner
    response = get_response(request)
               ^^^^^^^^^^^^^^^^^^^^^
  File "/home/prajjwal/Projects/PythonDjango/Lms_Api/venv/lib/python3.12/site-packages/django/core/handlers/base.py", line 197, in _get_response
    response = wrapped_callback(request, *callback_args, **callback_kwargs)
               ^^^^^^^^^^^^^^^^^^^^^^^^^^^^^^^^^^^^^^^^^^^^^^^^^^^^^^^^^^^^
  File "/home/prajjwal/Projects/PythonDjango/Lms_Api/venv/lib/python3.12/site-packages/django/views/decorators/csrf.py", line 65, in _view_wrapper
    return view_func(request, *args, **kwargs)
           ^^^^^^^^^^^^^^^^^^^^^^^^^^^^^^^^^^^
  File "/home/prajjwal/Projects/PythonDjango/Lms_Api/venv/lib/python3.12/site-packages/rest_framework/viewsets.py", line 124, in view
    return self.dispatch(request, *args, **kwargs)
           ^^^^^^^^^^^^^^^^^^^^^^^^^^^^^^^^^^^^^^^
  File "/home/prajjwal/Projects/PythonDjango/Lms_Api/venv/lib/python3.12/site-packages/rest_framework/views.py", line 509, in dispatch
    response = self.handle_exception(exc)
               ^^^^^^^^^^^^^^^^^^^^^^^^^^
  File "/home/prajjwal/Projects/PythonDjango/Lms_Api/venv/lib/python3.12/site-packages/rest_framework/views.py", line 469, in handle_exception
    self.raise_uncaught_exception(exc)
  File "/home/prajjwal/Projects/PythonDjango/Lms_Api/venv/lib/python3.12/site-packages/rest_framework/views.py", line 480, in raise_uncaught_exception
    raise exc
  File "/home/prajjwal/Projects/PythonDjango/Lms_Api/venv/lib/python3.12/site-packages/rest_framework/views.py", line 506, in dispatch
    response = handler(request, *args, **kwargs)
               ^^^^^^^^^^^^^^^^^^^^^^^^^^^^^^^^^
  File "/home/prajjwal/Projects/PythonDjango/Lms_Api/lms/student/views.py", line 38, in retrieve
    student = service.get_student_detail(pk)
              ^^^^^^^^^^^^^^^^^^^^^^^^^^^^^^
  File "/home/prajjwal/Projects/PythonDjango/Lms_Api/lms/student/services.py", line 26, in get_student_detail
    student = self.repo.get_student_by_id(student_id)
              ^^^^^^^^^^^^^^^^^^^^^^^^^^^^^^^^^^^^^^^
  File "/home/prajjwal/Projects/PythonDjango/Lms_Api/lms/student/repositories.py", line 11, in get_student_by_id
    return Student.objects.get(student_id=student_id, is_deleted=False)
           ^^^^^^^^^^^^^^^^^^^^^^^^^^^^^^^^^^^^^^^^^^^^^^^^^^^^^^^^^^^^
  File "/home/prajjwal/Projects/PythonDjango/Lms_Api/venv/lib/python3.12/site-packages/django/db/models/manager.py", line 87, in manager_method
    return getattr(self.get_queryset(), name)(*args, **kwargs)
           ^^^^^^^^^^^^^^^^^^^^^^^^^^^^^^^^^^^^^^^^^^^^^^^^^^^
  File "/home/prajjwal/Projects/PythonDjango/Lms_Api/venv/lib/python3.12/site-packages/django/db/models/query.py", line 649, in get
    raise self.model.DoesNotExist(
student.models.Student.DoesNotExist: Student matching query does not exist.
"GET /api/student/0/ HTTP/1.1" 500 115502
Internal Server Error: /api/student/0/
Traceback (most recent call last):
  File "/home/prajjwal/Projects/PythonDjango/Lms_Api/venv/lib/python3.12/site-packages/django/core/handlers/exception.py", line 55, in inner
    response = get_response(request)
               ^^^^^^^^^^^^^^^^^^^^^
  File "/home/prajjwal/Projects/PythonDjango/Lms_Api/venv/lib/python3.12/site-packages/django/core/handlers/base.py", line 197, in _get_response
    response = wrapped_callback(request, *callback_args, **callback_kwargs)
               ^^^^^^^^^^^^^^^^^^^^^^^^^^^^^^^^^^^^^^^^^^^^^^^^^^^^^^^^^^^^
  File "/home/prajjwal/Projects/PythonDjango/Lms_Api/venv/lib/python3.12/site-packages/django/views/decorators/csrf.py", line 65, in _view_wrapper
    return view_func(request, *args, **kwargs)
           ^^^^^^^^^^^^^^^^^^^^^^^^^^^^^^^^^^^
  File "/home/prajjwal/Projects/PythonDjango/Lms_Api/venv/lib/python3.12/site-packages/rest_framework/viewsets.py", line 124, in view
    return self.dispatch(request, *args, **kwargs)
           ^^^^^^^^^^^^^^^^^^^^^^^^^^^^^^^^^^^^^^^
  File "/home/prajjwal/Projects/PythonDjango/Lms_Api/venv/lib/python3.12/site-packages/rest_framework/views.py", line 509, in dispatch
    response = self.handle_exception(exc)
               ^^^^^^^^^^^^^^^^^^^^^^^^^^
  File "/home/prajjwal/Projects/PythonDjango/Lms_Api/venv/lib/python3.12/site-packages/rest_framework/views.py", line 469, in handle_exception
    self.raise_uncaught_exception(exc)
  File "/home/prajjwal/Projects/PythonDjango/Lms_Api/venv/lib/python3.12/site-packages/rest_framework/views.py", line 480, in raise_uncaught_exception
    raise exc
  File "/home/prajjwal/Projects/PythonDjango/Lms_Api/venv/lib/python3.12/site-packages/rest_framework/views.py", line 506, in dispatch
    response = handler(request, *args, **kwargs)
               ^^^^^^^^^^^^^^^^^^^^^^^^^^^^^^^^^
  File "/home/prajjwal/Projects/PythonDjango/Lms_Api/lms/student/views.py", line 38, in retrieve
    student = service.get_student_detail(pk)
              ^^^^^^^^^^^^^^^^^^^^^^^^^^^^^^
  File "/home/prajjwal/Projects/PythonDjango/Lms_Api/lms/student/services.py", line 26, in get_student_detail
    student = self.repo.get_student_by_id(student_id)
              ^^^^^^^^^^^^^^^^^^^^^^^^^^^^^^^^^^^^^^^
  File "/home/prajjwal/Projects/PythonDjango/Lms_Api/lms/student/repositories.py", line 11, in get_student_by_id
    return Student.objects.get(student_id=student_id, is_deleted=False)
           ^^^^^^^^^^^^^^^^^^^^^^^^^^^^^^^^^^^^^^^^^^^^^^^^^^^^^^^^^^^^
  File "/home/prajjwal/Projects/PythonDjango/Lms_Api/venv/lib/python3.12/site-packages/django/db/models/manager.py", line 87, in manager_method
    return getattr(self.get_queryset(), name)(*args, **kwargs)
           ^^^^^^^^^^^^^^^^^^^^^^^^^^^^^^^^^^^^^^^^^^^^^^^^^^^
  File "/home/prajjwal/Projects/PythonDjango/Lms_Api/venv/lib/python3.12/site-packages/django/db/models/query.py", line 649, in get
    raise self.model.DoesNotExist(
student.models.Student.DoesNotExist: Student matching query does not exist.
"GET /api/student/0/ HTTP/1.1" 500 115502
Internal Server Error: /api/student/0/
Traceback (most recent call last):
  File "/home/prajjwal/Projects/PythonDjango/Lms_Api/venv/lib/python3.12/site-packages/django/core/handlers/exception.py", line 55, in inner
    response = get_response(request)
               ^^^^^^^^^^^^^^^^^^^^^
  File "/home/prajjwal/Projects/PythonDjango/Lms_Api/venv/lib/python3.12/site-packages/django/core/handlers/base.py", line 197, in _get_response
    response = wrapped_callback(request, *callback_args, **callback_kwargs)
               ^^^^^^^^^^^^^^^^^^^^^^^^^^^^^^^^^^^^^^^^^^^^^^^^^^^^^^^^^^^^
  File "/home/prajjwal/Projects/PythonDjango/Lms_Api/venv/lib/python3.12/site-packages/django/views/decorators/csrf.py", line 65, in _view_wrapper
    return view_func(request, *args, **kwargs)
           ^^^^^^^^^^^^^^^^^^^^^^^^^^^^^^^^^^^
  File "/home/prajjwal/Projects/PythonDjango/Lms_Api/venv/lib/python3.12/site-packages/rest_framework/viewsets.py", line 124, in view
    return self.dispatch(request, *args, **kwargs)
           ^^^^^^^^^^^^^^^^^^^^^^^^^^^^^^^^^^^^^^^
  File "/home/prajjwal/Projects/PythonDjango/Lms_Api/venv/lib/python3.12/site-packages/rest_framework/views.py", line 509, in dispatch
    response = self.handle_exception(exc)
               ^^^^^^^^^^^^^^^^^^^^^^^^^^
  File "/home/prajjwal/Projects/PythonDjango/Lms_Api/venv/lib/python3.12/site-packages/rest_framework/views.py", line 469, in handle_exception
    self.raise_uncaught_exception(exc)
  File "/home/prajjwal/Projects/PythonDjango/Lms_Api/venv/lib/python3.12/site-packages/rest_framework/views.py", line 480, in raise_uncaught_exception
    raise exc
  File "/home/prajjwal/Projects/PythonDjango/Lms_Api/venv/lib/python3.12/site-packages/rest_framework/views.py", line 506, in dispatch
    response = handler(request, *args, **kwargs)
               ^^^^^^^^^^^^^^^^^^^^^^^^^^^^^^^^^
  File "/home/prajjwal/Projects/PythonDjango/Lms_Api/lms/student/views.py", line 38, in retrieve
    student = service.get_student_detail(pk)
              ^^^^^^^^^^^^^^^^^^^^^^^^^^^^^^
  File "/home/prajjwal/Projects/PythonDjango/Lms_Api/lms/student/services.py", line 26, in get_student_detail
    student = self.repo.get_student_by_id(student_id)
              ^^^^^^^^^^^^^^^^^^^^^^^^^^^^^^^^^^^^^^^
  File "/home/prajjwal/Projects/PythonDjango/Lms_Api/lms/student/repositories.py", line 11, in get_student_by_id
    return Student.objects.get(student_id=student_id, is_deleted=False)
           ^^^^^^^^^^^^^^^^^^^^^^^^^^^^^^^^^^^^^^^^^^^^^^^^^^^^^^^^^^^^
  File "/home/prajjwal/Projects/PythonDjango/Lms_Api/venv/lib/python3.12/site-packages/django/db/models/manager.py", line 87, in manager_method
    return getattr(self.get_queryset(), name)(*args, **kwargs)
           ^^^^^^^^^^^^^^^^^^^^^^^^^^^^^^^^^^^^^^^^^^^^^^^^^^^
  File "/home/prajjwal/Projects/PythonDjango/Lms_Api/venv/lib/python3.12/site-packages/django/db/models/query.py", line 649, in get
    raise self.model.DoesNotExist(
student.models.Student.DoesNotExist: Student matching query does not exist.
"GET /api/student/0/ HTTP/1.1" 500 115714
"GET /api/student/ HTTP/1.1" 200 511
"GET /api/student/ HTTP/1.1" 200 511
"GET /api/student/ HTTP/1.1" 200 511
Internal Server Error: /api/student/0/
Traceback (most recent call last):
  File "/home/prajjwal/Projects/PythonDjango/Lms_Api/venv/lib/python3.12/site-packages/django/core/handlers/exception.py", line 55, in inner
    response = get_response(request)
               ^^^^^^^^^^^^^^^^^^^^^
  File "/home/prajjwal/Projects/PythonDjango/Lms_Api/venv/lib/python3.12/site-packages/django/core/handlers/base.py", line 197, in _get_response
    response = wrapped_callback(request, *callback_args, **callback_kwargs)
               ^^^^^^^^^^^^^^^^^^^^^^^^^^^^^^^^^^^^^^^^^^^^^^^^^^^^^^^^^^^^
  File "/home/prajjwal/Projects/PythonDjango/Lms_Api/venv/lib/python3.12/site-packages/django/views/decorators/csrf.py", line 65, in _view_wrapper
    return view_func(request, *args, **kwargs)
           ^^^^^^^^^^^^^^^^^^^^^^^^^^^^^^^^^^^
  File "/home/prajjwal/Projects/PythonDjango/Lms_Api/venv/lib/python3.12/site-packages/rest_framework/viewsets.py", line 124, in view
    return self.dispatch(request, *args, **kwargs)
           ^^^^^^^^^^^^^^^^^^^^^^^^^^^^^^^^^^^^^^^
  File "/home/prajjwal/Projects/PythonDjango/Lms_Api/venv/lib/python3.12/site-packages/rest_framework/views.py", line 509, in dispatch
    response = self.handle_exception(exc)
               ^^^^^^^^^^^^^^^^^^^^^^^^^^
  File "/home/prajjwal/Projects/PythonDjango/Lms_Api/venv/lib/python3.12/site-packages/rest_framework/views.py", line 469, in handle_exception
    self.raise_uncaught_exception(exc)
  File "/home/prajjwal/Projects/PythonDjango/Lms_Api/venv/lib/python3.12/site-packages/rest_framework/views.py", line 480, in raise_uncaught_exception
    raise exc
  File "/home/prajjwal/Projects/PythonDjango/Lms_Api/venv/lib/python3.12/site-packages/rest_framework/views.py", line 506, in dispatch
    response = handler(request, *args, **kwargs)
               ^^^^^^^^^^^^^^^^^^^^^^^^^^^^^^^^^
  File "/home/prajjwal/Projects/PythonDjango/Lms_Api/lms/student/views.py", line 38, in retrieve
    student = service.get_student_detail(pk)
              ^^^^^^^^^^^^^^^^^^^^^^^^^^^^^^
  File "/home/prajjwal/Projects/PythonDjango/Lms_Api/lms/student/services.py", line 26, in get_student_detail
    student = self.repo.get_student_by_id(student_id)
              ^^^^^^^^^^^^^^^^^^^^^^^^^^^^^^^^^^^^^^^
  File "/home/prajjwal/Projects/PythonDjango/Lms_Api/lms/student/repositories.py", line 11, in get_student_by_id
    return Student.objects.get(student_id=student_id, is_deleted=False)
           ^^^^^^^^^^^^^^^^^^^^^^^^^^^^^^^^^^^^^^^^^^^^^^^^^^^^^^^^^^^^
  File "/home/prajjwal/Projects/PythonDjango/Lms_Api/venv/lib/python3.12/site-packages/django/db/models/manager.py", line 87, in manager_method
    return getattr(self.get_queryset(), name)(*args, **kwargs)
           ^^^^^^^^^^^^^^^^^^^^^^^^^^^^^^^^^^^^^^^^^^^^^^^^^^^
  File "/home/prajjwal/Projects/PythonDjango/Lms_Api/venv/lib/python3.12/site-packages/django/db/models/query.py", line 649, in get
    raise self.model.DoesNotExist(
student.models.Student.DoesNotExist: Student matching query does not exist.
"POST /api/login/ HTTP/1.1" 200 594
"GET /api/dashboard/test/ HTTP/1.1" 200 218
"GET /api/overdue-borrowers/ HTTP/1.1" 200 329
"GET /api/student/ HTTP/1.1" 200 511
"GET /api/student/ HTTP/1.1" 200 511
/home/prajjwal/Projects/PythonDjango/Lms_Api/lms/student/serializers.py changed, reloading.
Watching for file changes with StatReloader
Watching for file changes with StatReloader
"POST /api/login/ HTTP/1.1" 200 594
"GET /api/dashboard/test/ HTTP/1.1" 200 218
"GET /api/overdue-borrowers/ HTTP/1.1" 200 329
"GET /api/student/ HTTP/1.1" 200 511
"GET /api/student/ HTTP/1.1" 200 511
/home/prajjwal/Projects/PythonDjango/Lms_Api/lms/student/views.py changed, reloading.
Watching for file changes with StatReloader
"GET /api/student/ HTTP/1.1" 200 586
"GET /api/student/ HTTP/1.1" 200 586
"GET /api/student/4/ HTTP/1.1" 200 77
"GET /api/student/ HTTP/1.1" 200 586
"DELETE /api/student/4/ HTTP/1.1" 204 42
"GET /api/student/ HTTP/1.1" 200 508
Watching for file changes with StatReloader
Executing function: list with arguments: (<transaction.views.TransactionViewSet object at 0x7399e0869550>, <rest_framework.request.Request: GET '/api/transaction/'>), {}
Function list executed successfully
"GET /api/transaction/ HTTP/1.1" 200 3643
"POST /api/login/ HTTP/1.1" 200 594
"GET /api/dashboard/test/ HTTP/1.1" 200 218
"GET /api/overdue-borrowers/ HTTP/1.1" 200 329
"POST /api/login/ HTTP/1.1" 200 594
"GET /api/dashboard/test/ HTTP/1.1" 200 218
"GET /api/overdue-borrowers/ HTTP/1.1" 200 329
Executing function: list with arguments: (<transaction.views.TransactionViewSet object at 0x7399e097bb60>, <rest_framework.request.Request: GET '/api/transaction/'>), {}
Function list executed successfully
"GET /api/transaction/ HTTP/1.1" 200 3643
"POST /api/login/ HTTP/1.1" 200 594
"GET /api/dashboard/test/ HTTP/1.1" 200 218
"GET /api/overdue-borrowers/ HTTP/1.1" 200 329
Executing function: list with arguments: (<transaction.views.TransactionViewSet object at 0x7399e0622930>, <rest_framework.request.Request: GET '/api/transaction/'>), {}
Function list executed successfully
"GET /api/transaction/ HTTP/1.1" 200 3643
Executing function: list with arguments: (<transaction.views.TransactionViewSet object at 0x7399e0633350>, <rest_framework.request.Request: GET '/api/transaction/'>), {}
Function list executed successfully
"GET /api/transaction/ HTTP/1.1" 200 3643
Executing function: list with arguments: (<transaction.views.TransactionViewSet object at 0x7399e0654770>, <rest_framework.request.Request: GET '/api/transaction/'>), {}
Function list executed successfully
"GET /api/transaction/ HTTP/1.1" 200 3643
"POST /api/login/ HTTP/1.1" 200 594
"GET /api/dashboard/test/ HTTP/1.1" 200 218
"GET /api/overdue-borrowers/ HTTP/1.1" 200 329
Executing function: list with arguments: (<transaction.views.TransactionViewSet object at 0x7399e06d2780>, <rest_framework.request.Request: GET '/api/transaction/'>), {}
Function list executed successfully
"GET /api/transaction/ HTTP/1.1" 200 3643
Executing function: list with arguments: (<transaction.views.TransactionViewSet object at 0x7399e05b11c0>, <rest_framework.request.Request: GET '/api/transaction/'>), {}
Function list executed successfully
"GET /api/transaction/ HTTP/1.1" 200 3643
"POST /api/login/ HTTP/1.1" 200 594
"GET /api/dashboard/test/ HTTP/1.1" 200 218
"GET /api/overdue-borrowers/ HTTP/1.1" 200 329
Executing function: list with arguments: (<transaction.views.TransactionViewSet object at 0x7399e05c6a50>, <rest_framework.request.Request: GET '/api/transaction/'>), {}
Function list executed successfully
"GET /api/transaction/ HTTP/1.1" 200 3643
"POST /api/login/ HTTP/1.1" 200 594
"GET /api/dashboard/test/ HTTP/1.1" 200 218
"GET /api/overdue-borrowers/ HTTP/1.1" 200 329
Executing function: list with arguments: (<transaction.views.TransactionViewSet object at 0x7399e05ecaa0>, <rest_framework.request.Request: GET '/api/transaction/'>), {}
Function list executed successfully
"GET /api/transaction/ HTTP/1.1" 200 3643
Executing function: list with arguments: (<transaction.views.TransactionViewSet object at 0x7399e05eea50>, <rest_framework.request.Request: GET '/api/transaction/'>), {}
Function list executed successfully
"GET /api/transaction/ HTTP/1.1" 200 3643
"GET /api/student/ HTTP/1.1" 200 508
"GET /api/student/6/ HTTP/1.1" 200 137
"GET /api/bookcopy/ HTTP/1.1" 200 1140
"GET /api/bookcopy/123/ HTTP/1.1" 200 44
"GET /api/bookcopy/123/ HTTP/1.1" 200 44
"GET /api/bookcopy/123/ HTTP/1.1" 200 44
/home/prajjwal/Projects/PythonDjango/Lms_Api/lms/bookcopy/views.py changed, reloading.
Watching for file changes with StatReloader
"GET /api/bookcopy/123/ HTTP/1.1" 200 86
"GET /api/bookcopy/123/ HTTP/1.1" 200 86
Internal Server Error: /api/student/5/
Traceback (most recent call last):
  File "/home/prajjwal/Projects/PythonDjango/Lms_Api/venv/lib/python3.12/site-packages/django/core/handlers/exception.py", line 55, in inner
    response = get_response(request)
               ^^^^^^^^^^^^^^^^^^^^^
  File "/home/prajjwal/Projects/PythonDjango/Lms_Api/venv/lib/python3.12/site-packages/django/core/handlers/base.py", line 197, in _get_response
    response = wrapped_callback(request, *callback_args, **callback_kwargs)
               ^^^^^^^^^^^^^^^^^^^^^^^^^^^^^^^^^^^^^^^^^^^^^^^^^^^^^^^^^^^^
  File "/home/prajjwal/Projects/PythonDjango/Lms_Api/venv/lib/python3.12/site-packages/django/views/decorators/csrf.py", line 65, in _view_wrapper
    return view_func(request, *args, **kwargs)
           ^^^^^^^^^^^^^^^^^^^^^^^^^^^^^^^^^^^
  File "/home/prajjwal/Projects/PythonDjango/Lms_Api/venv/lib/python3.12/site-packages/rest_framework/viewsets.py", line 124, in view
    return self.dispatch(request, *args, **kwargs)
           ^^^^^^^^^^^^^^^^^^^^^^^^^^^^^^^^^^^^^^^
  File "/home/prajjwal/Projects/PythonDjango/Lms_Api/venv/lib/python3.12/site-packages/rest_framework/views.py", line 509, in dispatch
    response = self.handle_exception(exc)
               ^^^^^^^^^^^^^^^^^^^^^^^^^^
  File "/home/prajjwal/Projects/PythonDjango/Lms_Api/venv/lib/python3.12/site-packages/rest_framework/views.py", line 469, in handle_exception
    self.raise_uncaught_exception(exc)
  File "/home/prajjwal/Projects/PythonDjango/Lms_Api/venv/lib/python3.12/site-packages/rest_framework/views.py", line 480, in raise_uncaught_exception
    raise exc
  File "/home/prajjwal/Projects/PythonDjango/Lms_Api/venv/lib/python3.12/site-packages/rest_framework/views.py", line 506, in dispatch
    response = handler(request, *args, **kwargs)
               ^^^^^^^^^^^^^^^^^^^^^^^^^^^^^^^^^
  File "/home/prajjwal/Projects/PythonDjango/Lms_Api/lms/student/views.py", line 38, in retrieve
    student = service.get_student_detail(pk)
              ^^^^^^^^^^^^^^^^^^^^^^^^^^^^^^
  File "/home/prajjwal/Projects/PythonDjango/Lms_Api/lms/student/services.py", line 26, in get_student_detail
    student = self.repo.get_student_by_id(student_id)
              ^^^^^^^^^^^^^^^^^^^^^^^^^^^^^^^^^^^^^^^
  File "/home/prajjwal/Projects/PythonDjango/Lms_Api/lms/student/repositories.py", line 11, in get_student_by_id
    return Student.objects.get(student_id=student_id, is_deleted=False)
           ^^^^^^^^^^^^^^^^^^^^^^^^^^^^^^^^^^^^^^^^^^^^^^^^^^^^^^^^^^^^
  File "/home/prajjwal/Projects/PythonDjango/Lms_Api/venv/lib/python3.12/site-packages/django/db/models/manager.py", line 87, in manager_method
    return getattr(self.get_queryset(), name)(*args, **kwargs)
           ^^^^^^^^^^^^^^^^^^^^^^^^^^^^^^^^^^^^^^^^^^^^^^^^^^^
  File "/home/prajjwal/Projects/PythonDjango/Lms_Api/venv/lib/python3.12/site-packages/django/db/models/query.py", line 649, in get
    raise self.model.DoesNotExist(
student.models.Student.DoesNotExist: Student matching query does not exist.
"GET /api/student/5/ HTTP/1.1" 500 115498
Internal Server Error: /api/student/4/
Traceback (most recent call last):
  File "/home/prajjwal/Projects/PythonDjango/Lms_Api/venv/lib/python3.12/site-packages/django/core/handlers/exception.py", line 55, in inner
    response = get_response(request)
               ^^^^^^^^^^^^^^^^^^^^^
  File "/home/prajjwal/Projects/PythonDjango/Lms_Api/venv/lib/python3.12/site-packages/django/core/handlers/base.py", line 197, in _get_response
    response = wrapped_callback(request, *callback_args, **callback_kwargs)
               ^^^^^^^^^^^^^^^^^^^^^^^^^^^^^^^^^^^^^^^^^^^^^^^^^^^^^^^^^^^^
  File "/home/prajjwal/Projects/PythonDjango/Lms_Api/venv/lib/python3.12/site-packages/django/views/decorators/csrf.py", line 65, in _view_wrapper
    return view_func(request, *args, **kwargs)
           ^^^^^^^^^^^^^^^^^^^^^^^^^^^^^^^^^^^
  File "/home/prajjwal/Projects/PythonDjango/Lms_Api/venv/lib/python3.12/site-packages/rest_framework/viewsets.py", line 124, in view
    return self.dispatch(request, *args, **kwargs)
           ^^^^^^^^^^^^^^^^^^^^^^^^^^^^^^^^^^^^^^^
  File "/home/prajjwal/Projects/PythonDjango/Lms_Api/venv/lib/python3.12/site-packages/rest_framework/views.py", line 509, in dispatch
    response = self.handle_exception(exc)
               ^^^^^^^^^^^^^^^^^^^^^^^^^^
  File "/home/prajjwal/Projects/PythonDjango/Lms_Api/venv/lib/python3.12/site-packages/rest_framework/views.py", line 469, in handle_exception
    self.raise_uncaught_exception(exc)
  File "/home/prajjwal/Projects/PythonDjango/Lms_Api/venv/lib/python3.12/site-packages/rest_framework/views.py", line 480, in raise_uncaught_exception
    raise exc
  File "/home/prajjwal/Projects/PythonDjango/Lms_Api/venv/lib/python3.12/site-packages/rest_framework/views.py", line 506, in dispatch
    response = handler(request, *args, **kwargs)
               ^^^^^^^^^^^^^^^^^^^^^^^^^^^^^^^^^
  File "/home/prajjwal/Projects/PythonDjango/Lms_Api/lms/student/views.py", line 38, in retrieve
    student = service.get_student_detail(pk)
              ^^^^^^^^^^^^^^^^^^^^^^^^^^^^^^
  File "/home/prajjwal/Projects/PythonDjango/Lms_Api/lms/student/services.py", line 26, in get_student_detail
    student = self.repo.get_student_by_id(student_id)
              ^^^^^^^^^^^^^^^^^^^^^^^^^^^^^^^^^^^^^^^
  File "/home/prajjwal/Projects/PythonDjango/Lms_Api/lms/student/repositories.py", line 11, in get_student_by_id
    return Student.objects.get(student_id=student_id, is_deleted=False)
           ^^^^^^^^^^^^^^^^^^^^^^^^^^^^^^^^^^^^^^^^^^^^^^^^^^^^^^^^^^^^
  File "/home/prajjwal/Projects/PythonDjango/Lms_Api/venv/lib/python3.12/site-packages/django/db/models/manager.py", line 87, in manager_method
    return getattr(self.get_queryset(), name)(*args, **kwargs)
           ^^^^^^^^^^^^^^^^^^^^^^^^^^^^^^^^^^^^^^^^^^^^^^^^^^^
  File "/home/prajjwal/Projects/PythonDjango/Lms_Api/venv/lib/python3.12/site-packages/django/db/models/query.py", line 649, in get
    raise self.model.DoesNotExist(
student.models.Student.DoesNotExist: Student matching query does not exist.
"GET /api/student/4/ HTTP/1.1" 500 115498
"GET /api/student/2/ HTTP/1.1" 200 129
Internal Server Error: /api/student/4/
Traceback (most recent call last):
  File "/home/prajjwal/Projects/PythonDjango/Lms_Api/venv/lib/python3.12/site-packages/django/core/handlers/exception.py", line 55, in inner
    response = get_response(request)
               ^^^^^^^^^^^^^^^^^^^^^
  File "/home/prajjwal/Projects/PythonDjango/Lms_Api/venv/lib/python3.12/site-packages/django/core/handlers/base.py", line 197, in _get_response
    response = wrapped_callback(request, *callback_args, **callback_kwargs)
               ^^^^^^^^^^^^^^^^^^^^^^^^^^^^^^^^^^^^^^^^^^^^^^^^^^^^^^^^^^^^
  File "/home/prajjwal/Projects/PythonDjango/Lms_Api/venv/lib/python3.12/site-packages/django/views/decorators/csrf.py", line 65, in _view_wrapper
    return view_func(request, *args, **kwargs)
           ^^^^^^^^^^^^^^^^^^^^^^^^^^^^^^^^^^^
  File "/home/prajjwal/Projects/PythonDjango/Lms_Api/venv/lib/python3.12/site-packages/rest_framework/viewsets.py", line 124, in view
    return self.dispatch(request, *args, **kwargs)
           ^^^^^^^^^^^^^^^^^^^^^^^^^^^^^^^^^^^^^^^
  File "/home/prajjwal/Projects/PythonDjango/Lms_Api/venv/lib/python3.12/site-packages/rest_framework/views.py", line 509, in dispatch
    response = self.handle_exception(exc)
               ^^^^^^^^^^^^^^^^^^^^^^^^^^
  File "/home/prajjwal/Projects/PythonDjango/Lms_Api/venv/lib/python3.12/site-packages/rest_framework/views.py", line 469, in handle_exception
    self.raise_uncaught_exception(exc)
  File "/home/prajjwal/Projects/PythonDjango/Lms_Api/venv/lib/python3.12/site-packages/rest_framework/views.py", line 480, in raise_uncaught_exception
    raise exc
  File "/home/prajjwal/Projects/PythonDjango/Lms_Api/venv/lib/python3.12/site-packages/rest_framework/views.py", line 506, in dispatch
    response = handler(request, *args, **kwargs)
               ^^^^^^^^^^^^^^^^^^^^^^^^^^^^^^^^^
  File "/home/prajjwal/Projects/PythonDjango/Lms_Api/lms/student/views.py", line 38, in retrieve
    student = service.get_student_detail(pk)
              ^^^^^^^^^^^^^^^^^^^^^^^^^^^^^^
  File "/home/prajjwal/Projects/PythonDjango/Lms_Api/lms/student/services.py", line 26, in get_student_detail
    student = self.repo.get_student_by_id(student_id)
              ^^^^^^^^^^^^^^^^^^^^^^^^^^^^^^^^^^^^^^^
  File "/home/prajjwal/Projects/PythonDjango/Lms_Api/lms/student/repositories.py", line 11, in get_student_by_id
    return Student.objects.get(student_id=student_id, is_deleted=False)
           ^^^^^^^^^^^^^^^^^^^^^^^^^^^^^^^^^^^^^^^^^^^^^^^^^^^^^^^^^^^^
  File "/home/prajjwal/Projects/PythonDjango/Lms_Api/venv/lib/python3.12/site-packages/django/db/models/manager.py", line 87, in manager_method
    return getattr(self.get_queryset(), name)(*args, **kwargs)
           ^^^^^^^^^^^^^^^^^^^^^^^^^^^^^^^^^^^^^^^^^^^^^^^^^^^
  File "/home/prajjwal/Projects/PythonDjango/Lms_Api/venv/lib/python3.12/site-packages/django/db/models/query.py", line 649, in get
    raise self.model.DoesNotExist(
student.models.Student.DoesNotExist: Student matching query does not exist.
"GET /api/student/4/ HTTP/1.1" 500 115498
Internal Server Error: /api/student/5/
Traceback (most recent call last):
  File "/home/prajjwal/Projects/PythonDjango/Lms_Api/venv/lib/python3.12/site-packages/django/core/handlers/exception.py", line 55, in inner
    response = get_response(request)
               ^^^^^^^^^^^^^^^^^^^^^
  File "/home/prajjwal/Projects/PythonDjango/Lms_Api/venv/lib/python3.12/site-packages/django/core/handlers/base.py", line 197, in _get_response
    response = wrapped_callback(request, *callback_args, **callback_kwargs)
               ^^^^^^^^^^^^^^^^^^^^^^^^^^^^^^^^^^^^^^^^^^^^^^^^^^^^^^^^^^^^
  File "/home/prajjwal/Projects/PythonDjango/Lms_Api/venv/lib/python3.12/site-packages/django/views/decorators/csrf.py", line 65, in _view_wrapper
    return view_func(request, *args, **kwargs)
           ^^^^^^^^^^^^^^^^^^^^^^^^^^^^^^^^^^^
  File "/home/prajjwal/Projects/PythonDjango/Lms_Api/venv/lib/python3.12/site-packages/rest_framework/viewsets.py", line 124, in view
    return self.dispatch(request, *args, **kwargs)
           ^^^^^^^^^^^^^^^^^^^^^^^^^^^^^^^^^^^^^^^
  File "/home/prajjwal/Projects/PythonDjango/Lms_Api/venv/lib/python3.12/site-packages/rest_framework/views.py", line 509, in dispatch
    response = self.handle_exception(exc)
               ^^^^^^^^^^^^^^^^^^^^^^^^^^
  File "/home/prajjwal/Projects/PythonDjango/Lms_Api/venv/lib/python3.12/site-packages/rest_framework/views.py", line 469, in handle_exception
    self.raise_uncaught_exception(exc)
  File "/home/prajjwal/Projects/PythonDjango/Lms_Api/venv/lib/python3.12/site-packages/rest_framework/views.py", line 480, in raise_uncaught_exception
    raise exc
  File "/home/prajjwal/Projects/PythonDjango/Lms_Api/venv/lib/python3.12/site-packages/rest_framework/views.py", line 506, in dispatch
    response = handler(request, *args, **kwargs)
               ^^^^^^^^^^^^^^^^^^^^^^^^^^^^^^^^^
  File "/home/prajjwal/Projects/PythonDjango/Lms_Api/lms/student/views.py", line 38, in retrieve
    student = service.get_student_detail(pk)
              ^^^^^^^^^^^^^^^^^^^^^^^^^^^^^^
  File "/home/prajjwal/Projects/PythonDjango/Lms_Api/lms/student/services.py", line 26, in get_student_detail
    student = self.repo.get_student_by_id(student_id)
              ^^^^^^^^^^^^^^^^^^^^^^^^^^^^^^^^^^^^^^^
  File "/home/prajjwal/Projects/PythonDjango/Lms_Api/lms/student/repositories.py", line 11, in get_student_by_id
    return Student.objects.get(student_id=student_id, is_deleted=False)
           ^^^^^^^^^^^^^^^^^^^^^^^^^^^^^^^^^^^^^^^^^^^^^^^^^^^^^^^^^^^^
  File "/home/prajjwal/Projects/PythonDjango/Lms_Api/venv/lib/python3.12/site-packages/django/db/models/manager.py", line 87, in manager_method
    return getattr(self.get_queryset(), name)(*args, **kwargs)
           ^^^^^^^^^^^^^^^^^^^^^^^^^^^^^^^^^^^^^^^^^^^^^^^^^^^
  File "/home/prajjwal/Projects/PythonDjango/Lms_Api/venv/lib/python3.12/site-packages/django/db/models/query.py", line 649, in get
    raise self.model.DoesNotExist(
student.models.Student.DoesNotExist: Student matching query does not exist.
"GET /api/student/5/ HTTP/1.1" 500 115498
Internal Server Error: /api/student/5/
Traceback (most recent call last):
  File "/home/prajjwal/Projects/PythonDjango/Lms_Api/venv/lib/python3.12/site-packages/django/core/handlers/exception.py", line 55, in inner
    response = get_response(request)
               ^^^^^^^^^^^^^^^^^^^^^
  File "/home/prajjwal/Projects/PythonDjango/Lms_Api/venv/lib/python3.12/site-packages/django/core/handlers/base.py", line 197, in _get_response
    response = wrapped_callback(request, *callback_args, **callback_kwargs)
               ^^^^^^^^^^^^^^^^^^^^^^^^^^^^^^^^^^^^^^^^^^^^^^^^^^^^^^^^^^^^
  File "/home/prajjwal/Projects/PythonDjango/Lms_Api/venv/lib/python3.12/site-packages/django/views/decorators/csrf.py", line 65, in _view_wrapper
    return view_func(request, *args, **kwargs)
           ^^^^^^^^^^^^^^^^^^^^^^^^^^^^^^^^^^^
  File "/home/prajjwal/Projects/PythonDjango/Lms_Api/venv/lib/python3.12/site-packages/rest_framework/viewsets.py", line 124, in view
    return self.dispatch(request, *args, **kwargs)
           ^^^^^^^^^^^^^^^^^^^^^^^^^^^^^^^^^^^^^^^
  File "/home/prajjwal/Projects/PythonDjango/Lms_Api/venv/lib/python3.12/site-packages/rest_framework/views.py", line 509, in dispatch
    response = self.handle_exception(exc)
               ^^^^^^^^^^^^^^^^^^^^^^^^^^
  File "/home/prajjwal/Projects/PythonDjango/Lms_Api/venv/lib/python3.12/site-packages/rest_framework/views.py", line 469, in handle_exception
    self.raise_uncaught_exception(exc)
  File "/home/prajjwal/Projects/PythonDjango/Lms_Api/venv/lib/python3.12/site-packages/rest_framework/views.py", line 480, in raise_uncaught_exception
    raise exc
  File "/home/prajjwal/Projects/PythonDjango/Lms_Api/venv/lib/python3.12/site-packages/rest_framework/views.py", line 506, in dispatch
    response = handler(request, *args, **kwargs)
               ^^^^^^^^^^^^^^^^^^^^^^^^^^^^^^^^^
  File "/home/prajjwal/Projects/PythonDjango/Lms_Api/lms/student/views.py", line 38, in retrieve
    student = service.get_student_detail(pk)
              ^^^^^^^^^^^^^^^^^^^^^^^^^^^^^^
  File "/home/prajjwal/Projects/PythonDjango/Lms_Api/lms/student/services.py", line 26, in get_student_detail
    student = self.repo.get_student_by_id(student_id)
              ^^^^^^^^^^^^^^^^^^^^^^^^^^^^^^^^^^^^^^^
  File "/home/prajjwal/Projects/PythonDjango/Lms_Api/lms/student/repositories.py", line 11, in get_student_by_id
    return Student.objects.get(student_id=student_id, is_deleted=False)
           ^^^^^^^^^^^^^^^^^^^^^^^^^^^^^^^^^^^^^^^^^^^^^^^^^^^^^^^^^^^^
  File "/home/prajjwal/Projects/PythonDjango/Lms_Api/venv/lib/python3.12/site-packages/django/db/models/manager.py", line 87, in manager_method
    return getattr(self.get_queryset(), name)(*args, **kwargs)
           ^^^^^^^^^^^^^^^^^^^^^^^^^^^^^^^^^^^^^^^^^^^^^^^^^^^
  File "/home/prajjwal/Projects/PythonDjango/Lms_Api/venv/lib/python3.12/site-packages/django/db/models/query.py", line 649, in get
    raise self.model.DoesNotExist(
student.models.Student.DoesNotExist: Student matching query does not exist.
"GET /api/student/5/ HTTP/1.1" 500 115498
"GET /api/student/6/ HTTP/1.1" 200 137
"GET /api/student/6/ HTTP/1.1" 200 137
Internal Server Error: /api/student/4/
Traceback (most recent call last):
  File "/home/prajjwal/Projects/PythonDjango/Lms_Api/venv/lib/python3.12/site-packages/django/core/handlers/exception.py", line 55, in inner
    response = get_response(request)
               ^^^^^^^^^^^^^^^^^^^^^
  File "/home/prajjwal/Projects/PythonDjango/Lms_Api/venv/lib/python3.12/site-packages/django/core/handlers/base.py", line 197, in _get_response
    response = wrapped_callback(request, *callback_args, **callback_kwargs)
               ^^^^^^^^^^^^^^^^^^^^^^^^^^^^^^^^^^^^^^^^^^^^^^^^^^^^^^^^^^^^
  File "/home/prajjwal/Projects/PythonDjango/Lms_Api/venv/lib/python3.12/site-packages/django/views/decorators/csrf.py", line 65, in _view_wrapper
    return view_func(request, *args, **kwargs)
           ^^^^^^^^^^^^^^^^^^^^^^^^^^^^^^^^^^^
  File "/home/prajjwal/Projects/PythonDjango/Lms_Api/venv/lib/python3.12/site-packages/rest_framework/viewsets.py", line 124, in view
    return self.dispatch(request, *args, **kwargs)
           ^^^^^^^^^^^^^^^^^^^^^^^^^^^^^^^^^^^^^^^
  File "/home/prajjwal/Projects/PythonDjango/Lms_Api/venv/lib/python3.12/site-packages/rest_framework/views.py", line 509, in dispatch
    response = self.handle_exception(exc)
               ^^^^^^^^^^^^^^^^^^^^^^^^^^
  File "/home/prajjwal/Projects/PythonDjango/Lms_Api/venv/lib/python3.12/site-packages/rest_framework/views.py", line 469, in handle_exception
    self.raise_uncaught_exception(exc)
  File "/home/prajjwal/Projects/PythonDjango/Lms_Api/venv/lib/python3.12/site-packages/rest_framework/views.py", line 480, in raise_uncaught_exception
    raise exc
  File "/home/prajjwal/Projects/PythonDjango/Lms_Api/venv/lib/python3.12/site-packages/rest_framework/views.py", line 506, in dispatch
    response = handler(request, *args, **kwargs)
               ^^^^^^^^^^^^^^^^^^^^^^^^^^^^^^^^^
  File "/home/prajjwal/Projects/PythonDjango/Lms_Api/lms/student/views.py", line 38, in retrieve
    student = service.get_student_detail(pk)
              ^^^^^^^^^^^^^^^^^^^^^^^^^^^^^^
  File "/home/prajjwal/Projects/PythonDjango/Lms_Api/lms/student/services.py", line 26, in get_student_detail
    student = self.repo.get_student_by_id(student_id)
              ^^^^^^^^^^^^^^^^^^^^^^^^^^^^^^^^^^^^^^^
  File "/home/prajjwal/Projects/PythonDjango/Lms_Api/lms/student/repositories.py", line 11, in get_student_by_id
    return Student.objects.get(student_id=student_id, is_deleted=False)
           ^^^^^^^^^^^^^^^^^^^^^^^^^^^^^^^^^^^^^^^^^^^^^^^^^^^^^^^^^^^^
  File "/home/prajjwal/Projects/PythonDjango/Lms_Api/venv/lib/python3.12/site-packages/django/db/models/manager.py", line 87, in manager_method
    return getattr(self.get_queryset(), name)(*args, **kwargs)
           ^^^^^^^^^^^^^^^^^^^^^^^^^^^^^^^^^^^^^^^^^^^^^^^^^^^
  File "/home/prajjwal/Projects/PythonDjango/Lms_Api/venv/lib/python3.12/site-packages/django/db/models/query.py", line 649, in get
    raise self.model.DoesNotExist(
student.models.Student.DoesNotExist: Student matching query does not exist.
"GET /api/student/4/ HTTP/1.1" 500 116017
"GET /api/student/2/ HTTP/1.1" 200 129
"GET /api/student/2/ HTTP/1.1" 200 129
"GET /api/student/2/ HTTP/1.1" 200 129
"GET /api/student/ HTTP/1.1" 200 508
"GET /api/student/3/ HTTP/1.1" 200 118
Internal Server Error: /api/transaction
Traceback (most recent call last):
  File "/home/prajjwal/Projects/PythonDjango/Lms_Api/venv/lib/python3.12/site-packages/django/core/handlers/exception.py", line 55, in inner
    response = get_response(request)
               ^^^^^^^^^^^^^^^^^^^^^
  File "/home/prajjwal/Projects/PythonDjango/Lms_Api/venv/lib/python3.12/site-packages/django/utils/deprecation.py", line 131, in __call__
    response = self.process_response(request, response)
               ^^^^^^^^^^^^^^^^^^^^^^^^^^^^^^^^^^^^^^^^
  File "/home/prajjwal/Projects/PythonDjango/Lms_Api/venv/lib/python3.12/site-packages/django/middleware/common.py", line 108, in process_response
    return self.response_redirect_class(self.get_full_path_with_slash(request))
                                        ^^^^^^^^^^^^^^^^^^^^^^^^^^^^^^^^^^^^^^
  File "/home/prajjwal/Projects/PythonDjango/Lms_Api/venv/lib/python3.12/site-packages/django/middleware/common.py", line 87, in get_full_path_with_slash
    raise RuntimeError(
RuntimeError: You called this URL via POST, but the URL doesn't end in a slash and you have APPEND_SLASH set. Django can't redirect to the slash URL while maintaining POST data. Change your form to point to 127.0.0.1:8000/api/transaction/ (note the trailing slash), or set APPEND_SLASH=False in your Django settings.
"POST /api/transaction HTTP/1.1" 500 74756
Watching for file changes with StatReloader
"POST /api/login/ HTTP/1.1" 200 594
"GET /api/dashboard/test/ HTTP/1.1" 200 218
"GET /api/overdue-borrowers/ HTTP/1.1" 200 329
Executing function: list with arguments: (<transaction.views.TransactionViewSet object at 0x75fa4dbf0e30>, <rest_framework.request.Request: GET '/api/transaction/'>), {}
Function list executed successfully
"GET /api/transaction/ HTTP/1.1" 200 3643
"GET /api/student/3/ HTTP/1.1" 200 118
"GET /api/bookcopy/123/ HTTP/1.1" 200 86
Watching for file changes with StatReloader
"POST /api/login/ HTTP/1.1" 200 594
"GET /api/dashboard/test/ HTTP/1.1" 200 218
"GET /api/overdue-borrowers/ HTTP/1.1" 200 329
"GET /api/student/3/ HTTP/1.1" 200 118
"GET /api/bookcopy/123/ HTTP/1.1" 200 86
Executing function: create with arguments: (<transaction.views.TransactionViewSet object at 0x7f8fb5193380>, <rest_framework.request.Request: POST '/api/transaction/'>), {}
An error occurred in function create: User matching query does not exist.
Internal Server Error: /api/transaction/
"POST /api/transaction/ HTTP/1.1" 500 91
/home/prajjwal/Projects/PythonDjango/Lms_Api/lms/user/views.py changed, reloading.
Watching for file changes with StatReloader
Watching for file changes with StatReloader
/home/prajjwal/Projects/PythonDjango/Lms_Api/lms/user/urls.py changed, reloading.
Watching for file changes with StatReloader
/home/prajjwal/Projects/PythonDjango/Lms_Api/lms/user/urls.py changed, reloading.
Watching for file changes with StatReloader
Watching for file changes with StatReloader
"POST /api/login/ HTTP/1.1" 200 594
Not Found: /api/user/test/
"GET /api/user/test/ HTTP/1.1" 404 20127
/home/prajjwal/Projects/PythonDjango/Lms_Api/lms/user/urls.py changed, reloading.
Watching for file changes with StatReloader
Watching for file changes with StatReloader
Internal Server Error: /api/user/test/
Traceback (most recent call last):
  File "/home/prajjwal/Projects/PythonDjango/Lms_Api/venv/lib/python3.12/site-packages/django/core/handlers/exception.py", line 55, in inner
    response = get_response(request)
               ^^^^^^^^^^^^^^^^^^^^^
  File "/home/prajjwal/Projects/PythonDjango/Lms_Api/venv/lib/python3.12/site-packages/django/core/handlers/base.py", line 197, in _get_response
    response = wrapped_callback(request, *callback_args, **callback_kwargs)
               ^^^^^^^^^^^^^^^^^^^^^^^^^^^^^^^^^^^^^^^^^^^^^^^^^^^^^^^^^^^^
  File "/home/prajjwal/Projects/PythonDjango/Lms_Api/venv/lib/python3.12/site-packages/django/views/decorators/csrf.py", line 65, in _view_wrapper
    return view_func(request, *args, **kwargs)
           ^^^^^^^^^^^^^^^^^^^^^^^^^^^^^^^^^^^
  File "/home/prajjwal/Projects/PythonDjango/Lms_Api/venv/lib/python3.12/site-packages/django/views/generic/base.py", line 104, in view
    return self.dispatch(request, *args, **kwargs)
           ^^^^^^^^^^^^^^^^^^^^^^^^^^^^^^^^^^^^^^^
  File "/home/prajjwal/Projects/PythonDjango/Lms_Api/venv/lib/python3.12/site-packages/rest_framework/views.py", line 509, in dispatch
    response = self.handle_exception(exc)
               ^^^^^^^^^^^^^^^^^^^^^^^^^^
  File "/home/prajjwal/Projects/PythonDjango/Lms_Api/venv/lib/python3.12/site-packages/rest_framework/views.py", line 469, in handle_exception
    self.raise_uncaught_exception(exc)
  File "/home/prajjwal/Projects/PythonDjango/Lms_Api/venv/lib/python3.12/site-packages/rest_framework/views.py", line 480, in raise_uncaught_exception
    raise exc
  File "/home/prajjwal/Projects/PythonDjango/Lms_Api/venv/lib/python3.12/site-packages/rest_framework/views.py", line 506, in dispatch
    response = handler(request, *args, **kwargs)
               ^^^^^^^^^^^^^^^^^^^^^^^^^^^^^^^^^
  File "/home/prajjwal/Projects/PythonDjango/Lms_Api/lms/user/views.py", line 63, in get
    return Response(user_serializer.data, status=status.HTTP_200_OK)
                    ^^^^^^^^^^^^^^^^^^^^
  File "/home/prajjwal/Projects/PythonDjango/Lms_Api/venv/lib/python3.12/site-packages/rest_framework/serializers.py", line 571, in data
    ret = super().data
          ^^^^^^^^^^^^
  File "/home/prajjwal/Projects/PythonDjango/Lms_Api/venv/lib/python3.12/site-packages/rest_framework/serializers.py", line 249, in data
    self._data = self.to_representation(self.instance)
                 ^^^^^^^^^^^^^^^^^^^^^^^^^^^^^^^^^^^^^
  File "/home/prajjwal/Projects/PythonDjango/Lms_Api/venv/lib/python3.12/site-packages/rest_framework/serializers.py", line 523, in to_representation
    for field in fields:
  File "/home/prajjwal/Projects/PythonDjango/Lms_Api/venv/lib/python3.12/site-packages/rest_framework/serializers.py", line 384, in _readable_fields
    for field in self.fields.values():
                 ^^^^^^^^^^^
  File "/home/prajjwal/Projects/PythonDjango/Lms_Api/venv/lib/python3.12/site-packages/django/utils/functional.py", line 47, in __get__
    res = instance.__dict__[self.name] = self.func(instance)
                                         ^^^^^^^^^^^^^^^^^^^
  File "/home/prajjwal/Projects/PythonDjango/Lms_Api/venv/lib/python3.12/site-packages/rest_framework/serializers.py", line 373, in fields
    fields[key] = value
    ~~~~~~^^^^^
  File "/home/prajjwal/Projects/PythonDjango/Lms_Api/venv/lib/python3.12/site-packages/rest_framework/utils/serializer_helpers.py", line 167, in __setitem__
    field.bind(field_name=key, parent=self.serializer)
  File "/home/prajjwal/Projects/PythonDjango/Lms_Api/venv/lib/python3.12/site-packages/rest_framework/fields.py", line 358, in bind
    assert self.source != field_name, (
           ^^^^^^^^^^^^^^^^^^^^^^^^^
AssertionError: It is redundant to specify `source='userId'` on field 'CharField' in serializer 'UserSerializer', because it is the same as the field name. Remove the `source` keyword argument.
"GET /api/user/test/ HTTP/1.1" 500 134948
/home/prajjwal/Projects/PythonDjango/Lms_Api/lms/user/serializers.py changed, reloading.
Watching for file changes with StatReloader
"GET /api/user/test/ HTTP/1.1" 200 92
"POST /api/login/ HTTP/1.1" 200 594
"GET /api/dashboard/test/ HTTP/1.1" 200 218
"GET /api/overdue-borrowers/ HTTP/1.1" 200 329
Executing function: list with arguments: (<transaction.views.TransactionViewSet object at 0x7c58c6bd2930>, <rest_framework.request.Request: GET '/api/transaction/'>), {}
Function list executed successfully
"GET /api/transaction/ HTTP/1.1" 200 3643
"POST /api/login/ HTTP/1.1" 200 594
"GET /api/dashboard/test/ HTTP/1.1" 200 218
"GET /api/overdue-borrowers/ HTTP/1.1" 200 329
"POST /api/login/ HTTP/1.1" 200 594
"GET /api/dashboard/test/ HTTP/1.1" 200 218
"GET /api/overdue-borrowers/ HTTP/1.1" 200 329
"POST /api/login/ HTTP/1.1" 200 594
Unauthorized: /api/user/test/
"GET /api/user/test/ HTTP/1.1" 401 58
/home/prajjwal/Projects/PythonDjango/Lms_Api/lms/user/views.py changed, reloading.
Watching for file changes with StatReloader
"POST /api/login/ HTTP/1.1" 200 594
Unauthorized: /api/user/test/
"GET /api/user/test/ HTTP/1.1" 401 58
/home/prajjwal/Projects/PythonDjango/Lms_Api/lms/user/views.py changed, reloading.
Watching for file changes with StatReloader
"POST /api/login/ HTTP/1.1" 200 594
"GET /api/user/test/ HTTP/1.1" 200 92
"GET /api/dashboard/test/ HTTP/1.1" 200 218
"GET /api/overdue-borrowers/ HTTP/1.1" 200 329
"POST /api/login/ HTTP/1.1" 200 594
"GET /api/user/test/ HTTP/1.1" 200 92
"GET /api/dashboard/test/ HTTP/1.1" 200 218
"GET /api/overdue-borrowers/ HTTP/1.1" 200 329
"GET /api/student/3/ HTTP/1.1" 200 118
"GET /api/bookcopy/123/ HTTP/1.1" 200 86
Executing function: create with arguments: (<transaction.views.TransactionViewSet object at 0x798ad1285010>, <rest_framework.request.Request: POST '/api/transaction/'>), {}
An error occurred in function create: User matching query does not exist.
Internal Server Error: /api/transaction/
"POST /api/transaction/ HTTP/1.1" 500 91
"GET /api/bookcopy/123/ HTTP/1.1" 200 86
"GET /api/student/3/ HTTP/1.1" 200 118
Executing function: create with arguments: (<transaction.views.TransactionViewSet object at 0x798ad077fd40>, <rest_framework.request.Request: POST '/api/transaction/'>), {}
An error occurred in function create: User matching query does not exist.
Internal Server Error: /api/transaction/
"POST /api/transaction/ HTTP/1.1" 500 91
"GET /api/bookcopy/123/ HTTP/1.1" 200 86
"GET /api/student/3/ HTTP/1.1" 200 118
"POST /api/login/ HTTP/1.1" 200 594
"GET /api/user/test/ HTTP/1.1" 200 92
"GET /api/dashboard/test/ HTTP/1.1" 200 218
"GET /api/overdue-borrowers/ HTTP/1.1" 200 329
"GET /api/student/3/ HTTP/1.1" 200 118
"GET /api/bookcopy/123/ HTTP/1.1" 200 86
"POST /api/login/ HTTP/1.1" 200 594
"GET /api/user/test/ HTTP/1.1" 200 92
"GET /api/dashboard/test/ HTTP/1.1" 200 218
"GET /api/overdue-borrowers/ HTTP/1.1" 200 329
"GET /api/student/3/ HTTP/1.1" 200 118
"GET /api/bookcopy/123/ HTTP/1.1" 200 86
Executing function: create with arguments: (<transaction.views.TransactionViewSet object at 0x798ad0601f70>, <rest_framework.request.Request: POST '/api/transaction/'>), {}
Function create executed successfully
"POST /api/transaction/ HTTP/1.1" 201 149
Executing function: list with arguments: (<transaction.views.TransactionViewSet object at 0x798ad07f7f50>, <rest_framework.request.Request: GET '/api/transaction/'>), {}
Function list executed successfully
"GET /api/transaction/ HTTP/1.1" 200 3853
"GET /api/bookcopy/ HTTP/1.1" 200 1141
"GET /api/bookcopy/123/ HTTP/1.1" 200 87
"GET /api/student/3/ HTTP/1.1" 200 118
Executing function: create with arguments: (<transaction.views.TransactionViewSet object at 0x798ad0603d70>, <rest_framework.request.Request: POST '/api/transaction/'>), {}
Function create executed successfully
"POST /api/transaction/ HTTP/1.1" 201 152
Executing function: list with arguments: (<transaction.views.TransactionViewSet object at 0x798ad074a750>, <rest_framework.request.Request: GET '/api/transaction/'>), {}
Function list executed successfully
"GET /api/transaction/ HTTP/1.1" 200 4068
Watching for file changes with StatReloader
/home/prajjwal/Projects/PythonDjango/Lms_Api/lms/transaction/services.py changed, reloading.
Watching for file changes with StatReloader
/home/prajjwal/Projects/PythonDjango/Lms_Api/lms/transaction/services.py changed, reloading.
Watching for file changes with StatReloader
"GET /api/bookcopy/ HTTP/1.1" 200 1140
"GET /api/student/3/ HTTP/1.1" 200 118
"GET /api/bookcopy/222/ HTTP/1.1" 200 82
Executing function: create with arguments: (<transaction.views.TransactionViewSet object at 0x7d9e182acbf0>, <rest_framework.request.Request: POST '/api/transaction/'>), {}
An error occurred in function create: "Got KeyError when attempting to get a value for field `student` on serializer `TransactionSerializer`.\nThe serializer field might be named incorrectly and not match any attribute or key on the `dict` instance.\nOriginal exception text was: 'student'."
Internal Server Error: /api/transaction/
"POST /api/transaction/ HTTP/1.1" 500 313
/home/prajjwal/Projects/PythonDjango/Lms_Api/lms/transaction/views.py changed, reloading.
Watching for file changes with StatReloader
/home/prajjwal/Projects/PythonDjango/Lms_Api/lms/transaction/services.py changed, reloading.
Watching for file changes with StatReloader
"GET /api/student/3/ HTTP/1.1" 200 118
"GET /api/bookcopy/222/ HTTP/1.1" 200 82
"GET /api/student/3/ HTTP/1.1" 200 118
Executing function: create with arguments: (<transaction.views.TransactionViewSet object at 0x7938417d2510>, <rest_framework.request.Request: POST '/api/transaction/'>), {}
An error occurred in function create: "Got KeyError when attempting to get a value for field `student` on serializer `TransactionSerializer`.\nThe serializer field might be named incorrectly and not match any attribute or key on the `dict` instance.\nOriginal exception text was: 'student'."
Internal Server Error: /api/transaction/
"POST /api/transaction/ HTTP/1.1" 500 313
/home/prajjwal/Projects/PythonDjango/Lms_Api/lms/transaction/views.py changed, reloading.
Watching for file changes with StatReloader
"GET /api/student/3/ HTTP/1.1" 200 118
"GET /api/bookcopy/222/ HTTP/1.1" 200 82
Executing function: create with arguments: (<transaction.views.TransactionViewSet object at 0x7476adfe09b0>, <rest_framework.request.Request: POST '/api/transaction/'>), {}
An error occurred in function create: "Got KeyError when attempting to get a value for field `student` on serializer `TransactionSerializer`.\nThe serializer field might be named incorrectly and not match any attribute or key on the `dict` instance.\nOriginal exception text was: 'student'."
Internal Server Error: /api/transaction/
"POST /api/transaction/ HTTP/1.1" 500 313
/home/prajjwal/Projects/PythonDjango/Lms_Api/lms/transaction/views.py changed, reloading.
Watching for file changes with StatReloader
"GET /api/bookcopy/222/ HTTP/1.1" 200 82
"GET /api/student/3/ HTTP/1.1" 200 118
Executing function: create with arguments: (<transaction.views.TransactionViewSet object at 0x7e24508b2c90>, <rest_framework.request.Request: POST '/api/transaction/'>), {}
Function create executed successfully
Bad Request: /api/transaction/
"POST /api/transaction/ HTTP/1.1" 400 55
"GET /api/bookcopy/222/ HTTP/1.1" 200 82
"GET /api/student/3/ HTTP/1.1" 200 118
Executing function: create with arguments: (<transaction.views.TransactionViewSet object at 0x7e24508b0dd0>, <rest_framework.request.Request: POST '/api/transaction/'>), {}
Function create executed successfully
Bad Request: /api/transaction/
"POST /api/transaction/ HTTP/1.1" 400 55
"GET /api/bookcopy/222/ HTTP/1.1" 200 82
"GET /api/student/3/ HTTP/1.1" 200 118
Executing function: create with arguments: (<transaction.views.TransactionViewSet object at 0x7e2450882150>, <rest_framework.request.Request: POST '/api/transaction/'>), {}
Function create executed successfully
Bad Request: /api/transaction/
"POST /api/transaction/ HTTP/1.1" 400 55
Executing function: list with arguments: (<transaction.views.TransactionViewSet object at 0x7e24508b3680>, <rest_framework.request.Request: GET '/api/transaction/'>), {}
Function list executed successfully
"GET /api/transaction/ HTTP/1.1" 200 4068
"GET /api/bookcopy/222/ HTTP/1.1" 200 82
"GET /api/student/2/ HTTP/1.1" 200 129
Executing function: create with arguments: (<transaction.views.TransactionViewSet object at 0x7e24508cd310>, <rest_framework.request.Request: POST '/api/transaction/'>), {}
Function create executed successfully
"POST /api/transaction/ HTTP/1.1" 201 152
Executing function: list with arguments: (<transaction.views.TransactionViewSet object at 0x7e24508fcaa0>, <rest_framework.request.Request: GET '/api/transaction/'>), {}
Function list executed successfully
"GET /api/transaction/ HTTP/1.1" 200 4284
"POST /api/login/ HTTP/1.1" 200 594
"GET /api/user/test/ HTTP/1.1" 200 92
"GET /api/dashboard/test/ HTTP/1.1" 200 220
"GET /api/overdue-borrowers/ HTTP/1.1" 200 329
"GET /api/student/ HTTP/1.1" 200 508
Watching for file changes with StatReloader
"POST /api/login/ HTTP/1.1" 200 594
"GET /api/mail-overdue-borrowers/ HTTP/1.1" 200 329
"GET /api/mail-overdue-borrowers/ HTTP/1.1" 200 329
"GET /api/mail-overdue-borrowers/ HTTP/1.1" 200 329
"GET /api/mail-overdue-borrowers/ HTTP/1.1" 200 329
/home/prajjwal/Projects/PythonDjango/Lms_Api/lms/dashboard/urls.py changed, reloading.
Watching for file changes with StatReloader
Watching for file changes with StatReloader
Watching for file changes with StatReloader
Watching for file changes with StatReloader
"GET /api/mail-overdue-borrowers/ HTTP/1.1" 200 121
Unauthorized: /api/task-status/4bbe2e89-43fe-4dc8-9c04-29d060bb3426/
"GET /api/task-status/4bbe2e89-43fe-4dc8-9c04-29d060bb3426/ HTTP/1.1" 401 58
Internal Server Error: /api/task-status/4bbe2e89-43fe-4dc8-9c04-29d060bb3426/
Traceback (most recent call last):
  File "/home/prajjwal/Projects/PythonDjango/Lms_Api/venv/lib/python3.12/site-packages/django/core/handlers/exception.py", line 55, in inner
    response = get_response(request)
               ^^^^^^^^^^^^^^^^^^^^^
  File "/home/prajjwal/Projects/PythonDjango/Lms_Api/venv/lib/python3.12/site-packages/django/core/handlers/base.py", line 197, in _get_response
    response = wrapped_callback(request, *callback_args, **callback_kwargs)
               ^^^^^^^^^^^^^^^^^^^^^^^^^^^^^^^^^^^^^^^^^^^^^^^^^^^^^^^^^^^^
  File "/home/prajjwal/Projects/PythonDjango/Lms_Api/venv/lib/python3.12/site-packages/django/views/decorators/csrf.py", line 65, in _view_wrapper
    return view_func(request, *args, **kwargs)
           ^^^^^^^^^^^^^^^^^^^^^^^^^^^^^^^^^^^
  File "/home/prajjwal/Projects/PythonDjango/Lms_Api/venv/lib/python3.12/site-packages/django/views/generic/base.py", line 104, in view
    return self.dispatch(request, *args, **kwargs)
           ^^^^^^^^^^^^^^^^^^^^^^^^^^^^^^^^^^^^^^^
  File "/home/prajjwal/Projects/PythonDjango/Lms_Api/venv/lib/python3.12/site-packages/rest_framework/views.py", line 509, in dispatch
    response = self.handle_exception(exc)
               ^^^^^^^^^^^^^^^^^^^^^^^^^^
  File "/home/prajjwal/Projects/PythonDjango/Lms_Api/venv/lib/python3.12/site-packages/rest_framework/views.py", line 469, in handle_exception
    self.raise_uncaught_exception(exc)
  File "/home/prajjwal/Projects/PythonDjango/Lms_Api/venv/lib/python3.12/site-packages/rest_framework/views.py", line 480, in raise_uncaught_exception
    raise exc
  File "/home/prajjwal/Projects/PythonDjango/Lms_Api/venv/lib/python3.12/site-packages/rest_framework/views.py", line 506, in dispatch
    response = handler(request, *args, **kwargs)
               ^^^^^^^^^^^^^^^^^^^^^^^^^^^^^^^^^
  File "/home/prajjwal/Projects/PythonDjango/Lms_Api/lms/dashboard/views.py", line 58, in get
    "status": task_result.status,
              ^^^^^^^^^^^^^^^^^^
  File "/home/prajjwal/Projects/PythonDjango/Lms_Api/venv/lib/python3.12/site-packages/celery/result.py", line 503, in state
    return self._get_task_meta()['status']
           ^^^^^^^^^^^^^^^^^^^^^
  File "/home/prajjwal/Projects/PythonDjango/Lms_Api/venv/lib/python3.12/site-packages/celery/result.py", line 442, in _get_task_meta
    return self._maybe_set_cache(self.backend.get_task_meta(self.id))
                                 ^^^^^^^^^^^^^^^^^^^^^^^^^^^^^^^^^^^
  File "/home/prajjwal/Projects/PythonDjango/Lms_Api/venv/lib/python3.12/site-packages/celery/backends/base.py", line 608, in get_task_meta
    meta = self._get_task_meta_for(task_id)
           ^^^^^^^^^^^^^^^^^^^^^^^
AttributeError: 'DisabledBackend' object has no attribute '_get_task_meta_for'. Did you mean: 'get_task_meta_for'?
"GET /api/task-status/4bbe2e89-43fe-4dc8-9c04-29d060bb3426/ HTTP/1.1" 500 111398
Internal Server Error: /api/task-status/4bbe2e89-43fe-4dc8-9c04-29d060bb3426/
Traceback (most recent call last):
  File "/home/prajjwal/Projects/PythonDjango/Lms_Api/venv/lib/python3.12/site-packages/django/core/handlers/exception.py", line 55, in inner
    response = get_response(request)
               ^^^^^^^^^^^^^^^^^^^^^
  File "/home/prajjwal/Projects/PythonDjango/Lms_Api/venv/lib/python3.12/site-packages/django/core/handlers/base.py", line 197, in _get_response
    response = wrapped_callback(request, *callback_args, **callback_kwargs)
               ^^^^^^^^^^^^^^^^^^^^^^^^^^^^^^^^^^^^^^^^^^^^^^^^^^^^^^^^^^^^
  File "/home/prajjwal/Projects/PythonDjango/Lms_Api/venv/lib/python3.12/site-packages/django/views/decorators/csrf.py", line 65, in _view_wrapper
    return view_func(request, *args, **kwargs)
           ^^^^^^^^^^^^^^^^^^^^^^^^^^^^^^^^^^^
  File "/home/prajjwal/Projects/PythonDjango/Lms_Api/venv/lib/python3.12/site-packages/django/views/generic/base.py", line 104, in view
    return self.dispatch(request, *args, **kwargs)
           ^^^^^^^^^^^^^^^^^^^^^^^^^^^^^^^^^^^^^^^
  File "/home/prajjwal/Projects/PythonDjango/Lms_Api/venv/lib/python3.12/site-packages/rest_framework/views.py", line 509, in dispatch
    response = self.handle_exception(exc)
               ^^^^^^^^^^^^^^^^^^^^^^^^^^
  File "/home/prajjwal/Projects/PythonDjango/Lms_Api/venv/lib/python3.12/site-packages/rest_framework/views.py", line 469, in handle_exception
    self.raise_uncaught_exception(exc)
  File "/home/prajjwal/Projects/PythonDjango/Lms_Api/venv/lib/python3.12/site-packages/rest_framework/views.py", line 480, in raise_uncaught_exception
    raise exc
  File "/home/prajjwal/Projects/PythonDjango/Lms_Api/venv/lib/python3.12/site-packages/rest_framework/views.py", line 506, in dispatch
    response = handler(request, *args, **kwargs)
               ^^^^^^^^^^^^^^^^^^^^^^^^^^^^^^^^^
  File "/home/prajjwal/Projects/PythonDjango/Lms_Api/lms/dashboard/views.py", line 58, in get
    "status": task_result.status,
              ^^^^^^^^^^^^^^^^^^
  File "/home/prajjwal/Projects/PythonDjango/Lms_Api/venv/lib/python3.12/site-packages/celery/result.py", line 503, in state
    return self._get_task_meta()['status']
           ^^^^^^^^^^^^^^^^^^^^^
  File "/home/prajjwal/Projects/PythonDjango/Lms_Api/venv/lib/python3.12/site-packages/celery/result.py", line 442, in _get_task_meta
    return self._maybe_set_cache(self.backend.get_task_meta(self.id))
                                 ^^^^^^^^^^^^^^^^^^^^^^^^^^^^^^^^^^^
  File "/home/prajjwal/Projects/PythonDjango/Lms_Api/venv/lib/python3.12/site-packages/celery/backends/base.py", line 608, in get_task_meta
    meta = self._get_task_meta_for(task_id)
           ^^^^^^^^^^^^^^^^^^^^^^^
AttributeError: 'DisabledBackend' object has no attribute '_get_task_meta_for'. Did you mean: 'get_task_meta_for'?
"GET /api/task-status/4bbe2e89-43fe-4dc8-9c04-29d060bb3426/ HTTP/1.1" 500 111607
Internal Server Error: /api/task-status/4bbe2e89-43fe-4dc8-9c04-29d060bb3426/
Traceback (most recent call last):
  File "/home/prajjwal/Projects/PythonDjango/Lms_Api/venv/lib/python3.12/site-packages/django/core/handlers/exception.py", line 55, in inner
    response = get_response(request)
               ^^^^^^^^^^^^^^^^^^^^^
  File "/home/prajjwal/Projects/PythonDjango/Lms_Api/venv/lib/python3.12/site-packages/django/core/handlers/base.py", line 197, in _get_response
    response = wrapped_callback(request, *callback_args, **callback_kwargs)
               ^^^^^^^^^^^^^^^^^^^^^^^^^^^^^^^^^^^^^^^^^^^^^^^^^^^^^^^^^^^^
  File "/home/prajjwal/Projects/PythonDjango/Lms_Api/venv/lib/python3.12/site-packages/django/views/decorators/csrf.py", line 65, in _view_wrapper
    return view_func(request, *args, **kwargs)
           ^^^^^^^^^^^^^^^^^^^^^^^^^^^^^^^^^^^
  File "/home/prajjwal/Projects/PythonDjango/Lms_Api/venv/lib/python3.12/site-packages/django/views/generic/base.py", line 104, in view
    return self.dispatch(request, *args, **kwargs)
           ^^^^^^^^^^^^^^^^^^^^^^^^^^^^^^^^^^^^^^^
  File "/home/prajjwal/Projects/PythonDjango/Lms_Api/venv/lib/python3.12/site-packages/rest_framework/views.py", line 509, in dispatch
    response = self.handle_exception(exc)
               ^^^^^^^^^^^^^^^^^^^^^^^^^^
  File "/home/prajjwal/Projects/PythonDjango/Lms_Api/venv/lib/python3.12/site-packages/rest_framework/views.py", line 469, in handle_exception
    self.raise_uncaught_exception(exc)
  File "/home/prajjwal/Projects/PythonDjango/Lms_Api/venv/lib/python3.12/site-packages/rest_framework/views.py", line 480, in raise_uncaught_exception
    raise exc
  File "/home/prajjwal/Projects/PythonDjango/Lms_Api/venv/lib/python3.12/site-packages/rest_framework/views.py", line 506, in dispatch
    response = handler(request, *args, **kwargs)
               ^^^^^^^^^^^^^^^^^^^^^^^^^^^^^^^^^
  File "/home/prajjwal/Projects/PythonDjango/Lms_Api/lms/dashboard/views.py", line 58, in get
    "status": task_result.status,
              ^^^^^^^^^^^^^^^^^^
  File "/home/prajjwal/Projects/PythonDjango/Lms_Api/venv/lib/python3.12/site-packages/celery/result.py", line 503, in state
    return self._get_task_meta()['status']
           ^^^^^^^^^^^^^^^^^^^^^
  File "/home/prajjwal/Projects/PythonDjango/Lms_Api/venv/lib/python3.12/site-packages/celery/result.py", line 442, in _get_task_meta
    return self._maybe_set_cache(self.backend.get_task_meta(self.id))
                                 ^^^^^^^^^^^^^^^^^^^^^^^^^^^^^^^^^^^
  File "/home/prajjwal/Projects/PythonDjango/Lms_Api/venv/lib/python3.12/site-packages/celery/backends/base.py", line 608, in get_task_meta
    meta = self._get_task_meta_for(task_id)
           ^^^^^^^^^^^^^^^^^^^^^^^
AttributeError: 'DisabledBackend' object has no attribute '_get_task_meta_for'. Did you mean: 'get_task_meta_for'?
"GET /api/task-status/4bbe2e89-43fe-4dc8-9c04-29d060bb3426/ HTTP/1.1" 500 111607
Watching for file changes with StatReloader
Watching for file changes with StatReloader
"POST /api/login/ HTTP/1.1" 200 594
Not Found: /api//login/
"OPTIONS /api//login/ HTTP/1.1" 404 20423
- Broken pipe from ('127.0.0.1', 36180)
Not Found: /api//login/
"OPTIONS /api//login/ HTTP/1.1" 404 20423
- Broken pipe from ('127.0.0.1', 42692)
"POST /api/login/ HTTP/1.1" 200 594
"OPTIONS /api/login/ HTTP/1.1" 200 351
"OPTIONS /api/login/ HTTP/1.1" 200 351
/home/prajjwal/Projects/PythonDjango/Lms_Api/lms/lms/settings.py changed, reloading.
Watching for file changes with StatReloader
/home/prajjwal/Projects/PythonDjango/Lms_Api/lms/lms/settings.py changed, reloading.
Watching for file changes with StatReloader
/home/prajjwal/Projects/PythonDjango/Lms_Api/lms/lms/settings.py changed, reloading.
Watching for file changes with StatReloader
/home/prajjwal/Projects/PythonDjango/Lms_Api/lms/lms/settings.py changed, reloading.
Watching for file changes with StatReloader
/home/prajjwal/Projects/PythonDjango/Lms_Api/lms/lms/settings.py changed, reloading.
Watching for file changes with StatReloader
/home/prajjwal/Projects/PythonDjango/Lms_Api/lms/lms/settings.py changed, reloading.
Watching for file changes with StatReloader
"OPTIONS /api/login/ HTTP/1.1" 200 351
/home/prajjwal/Projects/PythonDjango/Lms_Api/lms/lms/settings.py changed, reloading.
Watching for file changes with StatReloader
Watching for file changes with StatReloader
/home/prajjwal/Projects/PythonDjango/Lms_Api/lms/lms/settings.py changed, reloading.
Watching for file changes with StatReloader
/home/prajjwal/Projects/PythonDjango/Lms_Api/lms/lms/settings.py changed, reloading.
Watching for file changes with StatReloader
"POST /api/login/ HTTP/1.1" 200 594
"OPTIONS /api/login/ HTTP/1.1" 200 351
"OPTIONS /api/login/ HTTP/1.1" 200 351
"OPTIONS /api/login/ HTTP/1.1" 200 351
Watching for file changes with StatReloader
"POST /api/login/ HTTP/1.1" 200 594
"OPTIONS /api/login/ HTTP/1.1" 200 351
"OPTIONS /api/login/ HTTP/1.1" 200 351
"OPTIONS /api/login/ HTTP/1.1" 200 351
"OPTIONS /api/login/ HTTP/1.1" 200 351
"OPTIONS /api/login/ HTTP/1.1" 200 351
"OPTIONS /api/login/ HTTP/1.1" 200 351
"OPTIONS /api/login/ HTTP/1.1" 200 351
"OPTIONS /api/login/ HTTP/1.1" 200 351
"OPTIONS /api/login/ HTTP/1.1" 200 351
"OPTIONS /api/login/ HTTP/1.1" 200 351
Watching for file changes with StatReloader
"OPTIONS /api/login/ HTTP/1.1" 200 351
/home/prajjwal/Projects/PythonDjango/Lms_Api/lms/lms/settings.py changed, reloading.
Watching for file changes with StatReloader
"OPTIONS /api/login/ HTTP/1.1" 200 351
Internal Server Error: /api/login
Traceback (most recent call last):
  File "/home/prajjwal/Projects/PythonDjango/Lms_Api/venv/lib/python3.12/site-packages/django/core/handlers/exception.py", line 55, in inner
    response = get_response(request)
               ^^^^^^^^^^^^^^^^^^^^^
  File "/home/prajjwal/Projects/PythonDjango/Lms_Api/venv/lib/python3.12/site-packages/django/utils/deprecation.py", line 131, in __call__
    response = self.process_response(request, response)
               ^^^^^^^^^^^^^^^^^^^^^^^^^^^^^^^^^^^^^^^^
  File "/home/prajjwal/Projects/PythonDjango/Lms_Api/venv/lib/python3.12/site-packages/django/middleware/common.py", line 108, in process_response
    return self.response_redirect_class(self.get_full_path_with_slash(request))
                                        ^^^^^^^^^^^^^^^^^^^^^^^^^^^^^^^^^^^^^^
  File "/home/prajjwal/Projects/PythonDjango/Lms_Api/venv/lib/python3.12/site-packages/django/middleware/common.py", line 87, in get_full_path_with_slash
    raise RuntimeError(
RuntimeError: You called this URL via POST, but the URL doesn't end in a slash and you have APPEND_SLASH set. Django can't redirect to the slash URL while maintaining POST data. Change your form to point to 127.0.0.1:8000/api/login/ (note the trailing slash), or set APPEND_SLASH=False in your Django settings.
"POST /api/login HTTP/1.1" 500 75508
"POST /api/login/ HTTP/1.1" 200 594
"OPTIONS /api/login/ HTTP/1.1" 200 351
Method Not Allowed: /api/login/
"GET /api/login/ HTTP/1.1" 405 7493
"GET /static/rest_framework/css/prettify.css HTTP/1.1" 200 817
"GET /static/rest_framework/css/default.css HTTP/1.1" 200 1152
"GET /static/rest_framework/css/bootstrap-tweaks.css HTTP/1.1" 200 3426
"GET /static/rest_framework/js/ajax-form.js HTTP/1.1" 200 3796
"GET /static/rest_framework/css/bootstrap.min.css HTTP/1.1" 200 121457
"GET /static/rest_framework/js/csrf.js HTTP/1.1" 200 1793
"GET /static/rest_framework/js/bootstrap.min.js HTTP/1.1" 200 39680
"GET /static/rest_framework/js/jquery-3.7.1.min.js HTTP/1.1" 200 87533
"GET /static/rest_framework/js/default.js HTTP/1.1" 200 1268
"GET /static/rest_framework/js/load-ajax-form.js HTTP/1.1" 200 59
"GET /static/rest_framework/js/prettify-min.js HTTP/1.1" 200 13632
"GET /static/rest_framework/img/grid.png HTTP/1.1" 200 1458
Not Found: /favicon.ico
"GET /favicon.ico HTTP/1.1" 404 3234
"POST /api/login/ HTTP/1.1" 200 8048
"POST /api/login/ HTTP/1.1" 200 8048
"OPTIONS /api/login/ HTTP/1.1" 200 351
"OPTIONS /api/login/ HTTP/1.1" 200 351
"OPTIONS /api/login/ HTTP/1.1" 200 351
"OPTIONS /api/login/ HTTP/1.1" 200 351
"OPTIONS /api/login/ HTTP/1.1" 200 351
"OPTIONS /api/login/ HTTP/1.1" 200 351
"POST /api/login/ HTTP/1.1" 200 594
"POST /api/login/ HTTP/1.1" 200 594
